id	lg_id	name	province_id	district_id	centroid	population
LG-11001	LG-11001	Colombo MC	LK-1	LK-11	[6.919708280391338, 79.86794941128838]	560971
LG-11002	LG-11002	Kolonnawa UC	LK-1	LK-11	[6.938469890108481, 79.88810129461484]	60044
LG-11003	LG-11003	Kotikawatta PS	LK-1	LK-11	[6.93348947933793, 79.92239962025117]	131643
LG-11004	LG-11004	Kaduwela MC	LK-1	LK-11	[6.903622964066936, 79.9782892460139]	252041
LG-11005	LG-11005	Homagama PS	LK-1	LK-11	[6.831278391937623, 80.02239513846453]	252469
LG-11006	LG-11006	Seethawaka PS	LK-1	LK-11	[6.884851986609555, 80.13689128977626]	134202
LG-11007	LG-11007	Seethawakapura UC	LK-1	LK-11	[6.95371659743016, 80.20038514185721]	30308
LG-11008	LG-11008	Maharagama UC	LK-1	LK-11	[6.856942341197099, 79.94263163522075]	196423
LG-11009	LG-11009	Sri Jayawardenepura Kotte MC	LK-1	LK-11	[6.891055973158331, 79.89875758827729]	107883
LG-11010	LG-11010	Dehiwala Mt.Lavinia MC	LK-1	LK-11	[6.839296423565323, 79.87743652792133]	184468
LG-11011	LG-11011	Moratuwa MC	LK-1	LK-11	[6.782673354860794, 79.89109551135638]	168280
LG-11012	LG-11012	Boralesgamuwa UC	LK-1	LK-11	[6.839184068089402, 79.90269292506291]	60110
LG-11013	LG-11013	Kesbewa UC	LK-1	LK-11	[6.796439778380209, 79.93407998566606]	185122
LG-12001	LG-12001	Negombo MC	LK-1	LK-12	[7.214036299143151, 79.84563040435658]	142136
LG-12002	LG-12002	Katana PS	LK-1	LK-12	[7.206472676920834, 79.89311748587807]	171831
LG-12003	LG-12003	Katunayaka-Seeduwa UC	LK-1	LK-12	[7.15548710740948, 79.87840254199527]	63460
LG-12004	LG-12004	Divulapitiya PS	LK-1	LK-12	[7.253979241767692, 80.00733901490516]	144506
LG-12005	LG-12005	Mirigama PS	LK-1	LK-12	[7.225208227749046, 80.12379054376365]	164580
LG-12006	LG-12006	Minuwangoda PS	LK-1	LK-12	[7.154431463158527, 79.97944578257133]	170814
LG-12007	LG-12007	Minuwangoda UC	LK-1	LK-12	[7.170673446704783, 79.95148704626784]	7517
LG-12008	LG-12008	Wattala PS	LK-1	LK-12	[7.038926766339726, 79.87981551653101]	147494
LG-12009	LG-12009	Wattala-Mabola UC	LK-1	LK-12	[6.989437260094514, 79.89398786834282]	28031
LG-12010	LG-12010	Ja-Ela PS	LK-1	LK-12	[7.071590914690257, 79.91196566540422]	170289
LG-12011	LG-12011	Ja-Ela UC	LK-1	LK-12	[7.0721809403996545, 79.88706565833297]	31232
LG-12012	LG-12012	Gampaha PS	LK-1	LK-12	[7.061466992358202, 79.98013475319699]	135332
LG-12013	LG-12013	Gampaha MC	LK-1	LK-12	[7.092258570466453, 80.023365329876]	62335
LG-12014	LG-12014	Attanagalla PS	LK-1	LK-12	[7.1140460146430895, 80.11037790388178]	179565
LG-12015	LG-12015	Dompe PS	LK-1	LK-12	[6.990571034144768, 80.09906044691955]	154005
LG-12016	LG-12016	Mahara PS	LK-1	LK-12	[7.028731270136048, 80.0146624183712]	207782
LG-12017	LG-12017	Kelaniya PS	LK-1	LK-12	[6.971713031506084, 79.9142253414247]	109603
LG-12018	LG-12018	Peliyagoda UC	LK-1	LK-12	[6.9628236105611, 79.88926890251508]	27736
LG-12019	LG-12019	Biyagama PS	LK-1	LK-12	[6.968969429870154, 79.97806727754273]	186585
LG-13001	LG-13001	Panadura PS	LK-1	LK-13	[6.7162673920189775, 79.92525485298735]	152127
LG-13002	LG-13002	Panadura UC	LK-1	LK-13	[6.713630815213247, 79.91186143268091]	30158
LG-13003	LG-13003	Bandaragama PS	LK-1	LK-13	[6.718941545765023, 79.9753370996994]	109236
LG-13004	LG-13004	Horana PS	LK-1	LK-13	[6.7603917905908615, 80.10036553964905]	157351
LG-13005	LG-13005	Horana UC	LK-1	LK-13	[6.715514296337108, 80.06536417748441]	9909
LG-13006	LG-13006	Bulathsinhala PS	LK-1	LK-13	[6.648437596762077, 80.17524722279316]	64600
LG-13007	LG-13007	Madurawala PS	LK-1	LK-13	[6.649362383169438, 80.09582693004134]	34381
LG-13008	LG-13008	Millaniya PS	LK-1	LK-13	[6.658003384825737, 80.03198884986806]	52176
LG-13009	LG-13009	Kalutara PS	LK-1	LK-13	[6.623279031316339, 79.9727030694269]	127280
LG-13010	LG-13010	Kalutara UC	LK-1	LK-13	[6.578239182030916, 79.96507398556975]	32417
LG-13011	LG-13011	Beruwala PS	LK-1	LK-13	[6.490260916374185, 80.00618720389765]	127176
LG-13012	LG-13012	Beruwala UC	LK-1	LK-13	[6.4701329834691865, 79.98477054917075]	37793
LG-13013	LG-13013	Dodangoda PS	LK-1	LK-13	[6.570904568858487, 80.04611018378375]	63960
LG-13014	LG-13014	Matugama PS	LK-1	LK-13	[6.488369365775068, 80.09076006939877]	81286
LG-13015	LG-13015	Agalawatta PS	LK-1	LK-13	[6.514771354821825, 80.17466448379481]	36669
LG-13016	LG-13016	Palindanuwara PS	LK-1	LK-13	[6.505990122290636, 80.27386947152607]	50801
LG-13017	LG-13017	Walallawita PS	LK-1	LK-13	[6.40734391090121, 80.18686555760097]	54628
LG-21001	LG-21001	Thumpane PS	LK-2	LK-21	[7.346768246190992, 80.49531935598557]	67628
LG-21002	LG-21002	Pujapitiya PS	LK-2	LK-21	[7.400489072545924, 80.5660118400667]	57914
LG-21003	LG-21003	Akurana PS	LK-2	LK-21	[7.390593747262966, 80.61877226889604]	63397
LG-21004	LG-21004	Pathadumbara PS	LK-2	LK-21	[7.349097799550288, 80.65806490233523]	68711
LG-21005	LG-21005	Wattegama UC	LK-2	LK-21	[7.351229434915645, 80.67867579148881]	15768
LG-21006	LG-21006	Kandy MC	LK-2	LK-21	[7.291316086191291, 80.63064071876852]	108482
LG-21007	LG-21007	Panvila PS	LK-2	LK-21	[7.409797427471278, 80.74069809865397]	26294
LG-21008	LG-21008	Udadumbara PS	LK-2	LK-21	[7.329838904816094, 80.87533602361785]	22505
LG-21009	LG-21009	Minipe PS	LK-2	LK-21	[7.346838391758873, 80.94992557539715]	51883
LG-21010	LG-21010	Medadumbara PS	LK-2	LK-21	[7.302595940306715, 80.80027704844514]	61034
LG-21011	LG-21011	Kundasale PS	LK-2	LK-21	[7.305341488933034, 80.70970841193027]	127070
LG-21012	LG-21012	Kandy Four Gravets & Gangawata Korale PS	LK-2	LK-21	[7.257151428054436, 80.64572958009093]	56061
LG-21013	LG-21013	Harispattuwa PS	LK-2	LK-21	[7.328599323006722, 80.58740866750107]	86441
LG-21014	LG-21014	Yatinuwara PS	LK-2	LK-21	[7.285178411262228, 80.53854652896702]	86434
LG-21015	LG-21015	Kadugannawa UC	LK-2	LK-21	[7.2614332754791775, 80.53478432831973]	19593
LG-21016	LG-21016	Udunuwara PS	LK-2	LK-21	[7.223046460861953, 80.5601276894142]	110905
LG-21017	LG-21017	Udapalatha PS	LK-2	LK-21	[7.145199407194817, 80.63025815813904]	103687
LG-21018	LG-21018	Pathahewaheta PS	LK-2	LK-21	[7.212243402649762, 80.70447344359164]	88533
LG-21019	LG-21019	Gampola UC	LK-2	LK-21	[7.168176638749808, 80.56557011156161]	37871
LG-21020	LG-21020	Ganga Ihala Korale PS	LK-2	LK-21	[7.110976302034027, 80.5153561417397]	55254
LG-21021	LG-21021	Pasbage Korale PS	LK-2	LK-21	[7.0152758519798875, 80.53597159352793]	38981
LG-21022	LG-21022	Nawalapitiya UC	LK-2	LK-21	[7.045448094581674, 80.54141667348604]	20936
LG-22001	LG-22001	Galewela PS	LK-2	LK-22	[7.778546966851337, 80.5709965994232]	70042
LG-22002	LG-22002	Dambulla PS	LK-2	LK-22	[7.877605820661218, 80.72838863765132]	48492
LG-22003	LG-22003	Dambulla MC	LK-2	LK-22	[7.8601759161114835, 80.65676907178013]	23814
LG-22004	LG-22004	Naula PS	LK-2	LK-22	[7.687969326583884, 80.7081333337105]	30884
LG-22005	LG-22005	Pallepola PS	LK-2	LK-22	[7.646754412737142, 80.59868640760737]	29565
LG-22006	LG-22006	Yatawatta PS	LK-2	LK-22	[7.549686851214845, 80.58889958252043]	30242
LG-22007	LG-22007	Matale PS	LK-2	LK-22	[7.548170630124497, 80.63024715225053]	42944
LG-22008	LG-22008	Matale MC	LK-2	LK-22	[7.469703321371082, 80.62293216315776]	31920
LG-22009	LG-22009	Ambanganga Korale PS	LK-2	LK-22	[7.561239567581242, 80.67772065906654]	15643
LG-22010	LG-22010	Laggala-Pallegama PS	LK-2	LK-22	[7.555780498412944, 80.81399051152975]	12533
LG-22011	LG-22011	Wilgamuwa PS	LK-2	LK-22	[7.607740727286323, 80.93289984225285]	29071
LG-22012	LG-22012	Rattota PS	LK-2	LK-22	[7.4860923659748995, 80.68604403455589]	51354
LG-22013	LG-22013	Ukuwela PS	LK-2	LK-22	[7.429036328556951, 80.63757549695126]	68027
LG-23001	LG-23001	Kothmale PS	LK-2	LK-23	[7.039128846177052, 80.655280161566]	101180
LG-23002	LG-23002	Hanguranketha PS	LK-2	LK-23	[7.119689247114651, 80.77795115826828]	88528
LG-23003	LG-23003	Walapone PS	LK-2	LK-23	[7.094897156047002, 80.88685677517026]	104119
LG-23004	LG-23004	Kotagala PS	LK-2	LK-23	[6.945245336639994, 80.63888567907546]	51369
LG-23005	LG-23005	Agarapatana PS	LK-2	LK-23	[6.864286655170346, 80.70950977862246]	59596
LG-23006	LG-23006	Nuwara Eliya PS	LK-2	LK-23	[6.911586232238224, 80.7761807906258]	86839
LG-23007	LG-23007	Thalawakele-Lindula UC	LK-2	LK-23	[6.929343745055628, 80.67221257264805]	7076
LG-23008	LG-23008	Nuwara Eliya MC	LK-2	LK-23	[6.964230730178408, 80.77515846303488]	7214
LG-23009	LG-23009	Ambagamuwa PS	LK-2	LK-23	[6.91595603211314, 80.51411915023655]	86405
LG-23010	LG-23010	Maskeliya PS	LK-2	LK-23	[6.8191248969161595, 80.56180719297727]	44348
LG-23011	LG-23011	Hatton - Dickoya UC	LK-2	LK-23	[6.886645438153686, 80.56775771249976]	3762
LG-23012	LG-23012	Norwood PS	LK-2	LK-23	[6.817397262436212, 80.66117050402653]	71208
LG-31001	LG-31001	Bentota PS	LK-3	LK-31	[6.386771975717152, 80.05545355870787]	49975
LG-31002	LG-31002	Balapitiya PS	LK-3	LK-31	[6.314060551636422, 80.05115357189167]	67432
LG-31003	LG-31003	Karandeniya PS	LK-3	LK-31	[6.301087413192982, 80.10061874851114]	62498
LG-31004	LG-31004	Elpitiya PS	LK-3	LK-31	[6.29027791819571, 80.18658982737009]	64726
LG-31005	LG-31005	Niyagama PS	LK-3	LK-31	[6.3024575945583665, 80.25233840769597]	35574
LG-31006	LG-31006	Thawalama PS	LK-3	LK-31	[6.292959323325109, 80.35558372569922]	32609
LG-31007	LG-31007	Neluwa PS	LK-3	LK-31	[6.360283867102841, 80.41071259627013]	28640
LG-31008	LG-31008	Nagoda PS	LK-3	LK-31	[6.199739702318958, 80.31290136890641]	53829
LG-31009	LG-31009	Baddegama PS	LK-3	LK-31	[6.136857689706429, 80.22055720683841]	75008
LG-31010	LG-31010	Welivitiya-Divithura PS	LK-3	LK-31	[6.20638032640722, 80.18032796921631]	29347
LG-31011	LG-31011	Ambalangoda MC	LK-3	LK-31	[6.243161382394545, 80.06627286380805]	19990
LG-31012	LG-31012	Ambalangoda PS	LK-3	LK-31	[6.198849529635519, 80.11731005314994]	58726
LG-31013	LG-31013	Rathgama PS	LK-3	LK-31	[6.14341209337189, 80.12281201185638]	74834
LG-31014	LG-31014	Hikkaduwa UC	LK-3	LK-31	[6.128470590020655, 80.12096247791523]	27075
LG-31015	LG-31015	Bope-Poddala PS	LK-3	LK-31	[6.082466908578893, 80.21185891260083]	65747
LG-31016	LG-31016	Galle MC	LK-3	LK-31	[6.048471608412585, 80.21549879868714]	86333
LG-31017	LG-31017	Akmeemana PS	LK-3	LK-31	[6.059039508069573, 80.28363707434295]	77776
LG-31018	LG-31018	Yakkalamulla PS	LK-3	LK-31	[6.106994850733246, 80.35953085162127]	45946
LG-31019	LG-31019	Imaduwa PS	LK-3	LK-31	[6.032651569948048, 80.35843599677004]	44880
LG-31020	LG-31020	Habaraduwa PS	LK-3	LK-31	[6.00175201706088, 80.31962348473537]	62389
LG-32001	LG-32001	Pitabeddara PS	LK-3	LK-32	[6.239243191669312, 80.47272225818675]	51186
LG-32002	LG-32002	Kotapola PS	LK-3	LK-32	[6.322860901619096, 80.53939855497603]	63255
LG-32003	LG-32003	Pasgoda PS	LK-3	LK-32	[6.275885369079918, 80.60835698742484]	59160
LG-32004	LG-32004	Mulatiyana PS	LK-3	LK-32	[6.14691551310665, 80.58650846902185]	50261
LG-32005	LG-32005	Athuraliya PS	LK-3	LK-32	[6.117275708584211, 80.50863406424594]	32304
LG-32006	LG-32006	Akuressa PS	LK-3	LK-32	[6.135035112544879, 80.43999804924657]	52912
LG-32007	LG-32007	Weligama PS	LK-3	LK-32	[5.999292533088991, 80.44185927320395]	102564
LG-32008	LG-32008	Malimbada PS	LK-3	LK-32	[6.019324539781041, 80.49832054298663]	34856
LG-32009	LG-32009	Kamburupitiya PS	LK-3	LK-32	[6.066377539312284, 80.56138261446594]	40969
LG-32010	LG-32010	Hakmana PS	LK-3	LK-32	[6.09486593872586, 80.65003991104899]	31648
LG-32011	LG-32011	Kirinda Puhulwella PS	LK-3	LK-32	[6.0460610529030205, 80.6372952023517]	20291
LG-32012	LG-32012	Thihagoda PS	LK-3	LK-32	[6.010129784070356, 80.55999296103666]	33535
LG-32013	LG-32013	Weligama UC	LK-3	LK-32	[5.970843433196607, 80.42203171050171]	22377
LG-32014	LG-32014	Matara PS	LK-3	LK-32	[5.970467616921339, 80.57966337589748]	36695
LG-32015	LG-32015	Matara MC	LK-3	LK-32	[5.953375577496133, 80.53800472805791]	79110
LG-32016	LG-32016	Devinuwara PS	LK-3	LK-32	[5.975776996267076, 80.61481710641]	48253
LG-32017	LG-32017	Dickwella PS	LK-3	LK-32	[5.985143977640161, 80.67363104593133]	54672
LG-33001	LG-33001	Sooriyawewa PS	LK-3	LK-33	[6.2917376371798825, 81.01410563053035]	43102
LG-33002	LG-33002	Lunugamvehera PS	LK-3	LK-33	[6.333403750628934, 81.16231284080052]	31559
LG-33003	LG-33003	Tissamaharama PS	LK-3	LK-33	[6.380422563956705, 81.45356961945728]	68606
LG-33004	LG-33004	Hambantota PS	LK-3	LK-33	[6.217265170414625, 81.12052143233426]	34028
LG-33005	LG-33005	Hambantota MC	LK-3	LK-33	[6.166069206661002, 81.12490503209293]	23236
LG-33006	LG-33006	Ambalantota PS	LK-3	LK-33	[6.161052089483577, 80.96309175797583]	72943
LG-33007	LG-33007	Angunakolapelessa PS	LK-3	LK-33	[6.193917109291338, 80.8517324343609]	48301
LG-33008	LG-33008	Weeraketiya PS	LK-3	LK-33	[6.16735558717959, 80.7430032645703]	80289
LG-33009	LG-33009	Katuwana PS	LK-3	LK-33	[6.241718998412514, 80.69411268384289]	69340
LG-33010	LG-33010	Beliatta PS	LK-3	LK-33	[6.050375412758502, 80.72077306993312]	55992
LG-33011	LG-33011	Tangalla PS	LK-3	LK-33	[6.072751338898221, 80.8267618282236]	64034
LG-33012	LG-33012	Tangalla UC	LK-3	LK-33	[6.031009491623493, 80.79490204636329]	8473
LG-41001	LG-41001	Kayts PS	LK-4	LK-41	[9.676695155974526, 79.85765839467805]	9876
LG-41002	LG-41002	Karainagar PS	LK-4	LK-41	[9.735371974942222, 79.87539724151561]	9576
LG-41003	LG-41003	Valikamam West PS	LK-4	LK-41	[9.739659515387412, 79.9489773349989]	46438
LG-41004	LG-41004	Valikamam South-West PS	LK-4	LK-41	[9.750608151976316, 79.98090345875433]	52269
LG-41005	LG-41005	Valikamam North PS	LK-4	LK-41	[9.788953445427248, 80.04074293910443]	29518
LG-41006	LG-41006	Valikamam South PS	LK-4	LK-41	[9.74441170217098, 80.03444170211138]	53016
LG-41007	LG-41007	Valikamam East PS	LK-4	LK-41	[9.740725293741948, 80.09299777020517]	73225
LG-41008	LG-41008	Vadamaradchy South-West PS	LK-4	LK-41	[9.793731914133597, 80.18589159675317]	44733
LG-41009	LG-41009	Valvettithurai UC	LK-4	LK-41	[9.818653331981434, 80.15369945999443]	11397
LG-41010	LG-41010	Point Pedro PS	LK-4	LK-41	[9.654960252643123, 80.3730279574735]	36883
LG-41011	LG-41011	Point Pedro UC	LK-4	LK-41	[9.820361235977217, 80.24160274859625]	13048
LG-41012	LG-41012	Chavakachcheri PS	LK-4	LK-41	[9.674862862749219, 80.19511526723377]	48575
LG-41013	LG-41013	Chavakachcheri UC	LK-4	LK-41	[9.666668433762505, 80.16299009209128]	16129
LG-41014	LG-41014	Nallur PS	LK-4	LK-41	[9.693593001491204, 80.03001216812129]	34432
LG-41015	LG-41015	Jaffna MC	LK-4	LK-41	[9.667855636793997, 80.02947383296767]	84201
LG-41016	LG-41016	Velanai PS	LK-4	LK-41	[9.621767404893879, 79.90407551061762]	16742
LG-41017	LG-41017	Delft PS	LK-4	LK-41	[9.509640239857067, 79.69199071165906]	3824
LG-42001	LG-42001	Mannar PS	LK-4	LK-42	[8.990017617004513, 79.89034625859097]	26661
LG-42002	LG-42002	Mannar UC	LK-4	LK-42	[8.985505154002814, 79.89818243350254]	24417
LG-42003	LG-42003	Manthai West PS	LK-4	LK-42	[8.936912545374827, 80.16971934111893]	19732
LG-42004	LG-42004	Nanattan PS	LK-4	LK-42	[8.790771260998351, 80.06526906075226]	20641
LG-42005	LG-42005	Musali PS	LK-4	LK-42	[8.676405515156967, 80.02070622043331]	8119
LG-43001	LG-43001	Vavuniya North PS	LK-4	LK-43	[9.00735920453837, 80.56878609777338]	11523
LG-43002	LG-43002	Vavuniya South (Sinhala) PS	LK-4	LK-43	[8.743897496488232, 80.52220865325545]	13118
LG-43003	LG-43003	Vavuniya South (Tamil) PS	LK-4	LK-43	[8.83824789493367, 80.45419682129071]	66388
LG-43004	LG-43004	Vavuniya UC	LK-4	LK-43	[8.755121334100416, 80.4937565578058]	51145
LG-43005	LG-43005	Vengalacheddikulam PS	LK-4	LK-43	[8.69316245902352, 80.29616303484372]	29886
LG-44001	LG-44001	Thunukkai PS	LK-4	LK-44	[9.221403075378374, 80.2869382058436]	9699
LG-44002	LG-44002	Manthai East PS	LK-4	LK-44	[9.052860914730001, 80.30958392428829]	7117
LG-44003	LG-44003	Puthukudiyiruppu PS	LK-4	LK-44	[9.211592632940981, 80.58094466548344]	43385
LG-44004	LG-44004	Maritimepattu PS	LK-4	LK-44	[9.155828265687939, 80.78828793643008]	31992
LG-45001	LG-45001	Pachchilaipalli PS	LK-4	LK-45	[9.587893157352243, 80.35662971540775]	8530
LG-45002	LG-45002	Karachchi PS	LK-4	LK-45	[9.397178018191415, 80.42593260925956]	84678
LG-45003	LG-45003	Poonakary PS	LK-4	LK-45	[9.361247293753038, 80.18596119498433]	20302
LG-51001	LG-51001	Koralai Pattu North PS	LK-5	LK-51	[8.062935423264214, 81.40667830888187]	23284
LG-51002	LG-51002	Koralai Pattu West PS	LK-5	LK-51	[7.907034153370849, 81.34674540147064]	27392
LG-51003	LG-51003	Koralai Pattu PS	LK-5	LK-51	[7.850667848724522, 81.40726778112]	68249
LG-51004	LG-51004	Eravur Pattu PS	LK-5	LK-51	[7.71004467926586, 81.46816627677975]	75478
LG-51005	LG-51005	Eravur UC	LK-5	LK-51	[7.777229191958361, 81.60524275051094]	24643
LG-51006	LG-51006	Batticaloa MC	LK-5	LK-51	[7.728189688820435, 81.68679943818506]	86227
LG-51007	LG-51007	Manmunai West PS	LK-5	LK-51	[7.631732189523525, 81.59581460130715]	28489
LG-51008	LG-51008	Kattankudy UC	LK-5	LK-51	[7.682747940225716, 81.7321197309202]	40356
LG-51009	LG-51009	Manmunai Pattu PS	LK-5	LK-51	[7.639266611198302, 81.75381276270714]	30694
LG-51010	LG-51010	Manmunai South-West PS	LK-5	LK-51	[7.563008858192023, 81.65338438655108]	24726
LG-51011	LG-51011	Poratheevu Pattu PS	LK-5	LK-51	[7.49958858218581, 81.70680545058427]	36222
LG-51012	LG-51012	Manmunai South & Eruvil pattu PS	LK-5	LK-51	[7.522464580999066, 81.79090814733644]	60807
LG-52001	LG-52001	Dehiattakandiya PS	LK-5	LK-52	[7.623935992232635, 81.08679358431931]	60178
LG-52002	LG-52002	Padiyathalawa PS	LK-5	LK-52	[7.4269477760808025, 81.26225424883076]	18290
LG-52003	LG-52003	Mahaoya PS	LK-5	LK-52	[7.562786425127682, 81.34875332900327]	20828
LG-52004	LG-52004	Uhana PS	LK-5	LK-52	[7.397682685829348, 81.59414582947336]	58325
LG-52005	LG-52005	Namaloya PS	LK-5	LK-52	[7.265462115914512, 81.57861140480794]	23076
LG-52006	LG-52006	Ampara UC	LK-5	LK-52	[7.290723920269993, 81.66522182514288]	24133
LG-52007	LG-52007	Navithanveli PS	LK-5	LK-52	[7.413209882906611, 81.7655634732283]	18727
LG-52008	LG-52008	Sammanthurai PS	LK-5	LK-52	[7.327002000044045, 81.76383182931052]	60465
LG-52009	LG-52009	Kalmunai MC	LK-5	LK-52	[7.413319600905206, 81.8212234132843]	99893
LG-52010	LG-52010	Karaitheevu PS	LK-5	LK-52	[7.371218406010775, 81.83697508301888]	16839
LG-52011	LG-52011	Ninthavur PS	LK-5	LK-52	[7.331614536218272, 81.8409108257347]	26361
LG-52012	LG-52012	Addalachchenai PS	LK-5	LK-52	[7.273511872998119, 81.82137856840984]	41968
LG-52013	LG-52013	Irakkamam PS	LK-5	LK-52	[7.242420355339827, 81.72981461370031]	14383
LG-52014	LG-52014	Akkaraipattu PS	LK-5	LK-52	[7.213936729274743, 81.77560411668085]	6731
LG-52015	LG-52015	Akkaraipattu MC	LK-5	LK-52	[7.2299475599956455, 81.8468792088004]	32435
LG-52016	LG-52016	Alayadiwembu PS	LK-5	LK-52	[7.177988859658809, 81.80189700112756]	22458
LG-52017	LG-52017	Damana PS	LK-5	LK-52	[7.136161048816175, 81.62637709470643]	35312
LG-52018	LG-52018	Thirukkovil PS	LK-5	LK-52	[7.0767003807940165, 81.77309812413607]	25277
LG-52019	LG-52019	Pottuvil PS	LK-5	LK-52	[6.941703931036174, 81.80015692907688]	34809
LG-52020	LG-52020	Lahugala PS	LK-5	LK-52	[6.751389419827597, 81.6986226506828]	8914
LG-53001	LG-53001	Padavi Sri Pura PS	LK-5	LK-53	[8.915611887141218, 80.85212008135484]	11882
LG-53002	LG-53002	Kuchchaveli PS	LK-5	LK-53	[8.811479257229344, 81.04437014821613]	33218
LG-53003	LG-53003	Gomarankadawala PS	LK-5	LK-53	[8.745844506622834, 80.95944303182702]	7382
LG-53004	LG-53004	Morawewa PS	LK-5	LK-53	[8.620076916350264, 81.02228562296295]	7968
LG-53005	LG-53005	Trincomalee Town and Gravets PS	LK-5	LK-53	[8.584581400921444, 81.169095700436]	45456
LG-53006	LG-53006	Trincomalee UC	LK-5	LK-53	[8.571116580908315, 81.22654378982469]	52031
LG-53007	LG-53007	Thambalagamuwa PS	LK-5	LK-53	[8.492791452208605, 81.04953474740917]	28527
LG-53008	LG-53008	Kanthalai PS	LK-5	LK-53	[8.345953718495354, 81.05671494179138]	46802
LG-53009	LG-53009	Kinniya PS	LK-5	LK-53	[8.429303345987417, 81.16196998169944]	27841
LG-53010	LG-53010	Kinniya UC	LK-5	LK-53	[8.487344824888217, 81.18735255154448]	36772
LG-53011	LG-53011	Muttur PS	LK-5	LK-53	[8.426250839705126, 81.28901420348147]	56621
LG-53012	LG-53012	Seruvila PS	LK-5	LK-53	[8.29393814014098, 81.24614434747329]	13632
LG-53013	LG-53013	Verugal PS	LK-5	LK-53	[8.29713687943167, 81.34739630567842]	11409
LG-61001	LG-61001	Giribawa PS	LK-6	LK-61	[8.104212722553518, 80.18369244669687]	31412
LG-61002	LG-61002	Galgamuwa PS	LK-6	LK-61	[7.997383005247936, 80.29641070130147]	80859
LG-61003	LG-61003	Maho PS	LK-6	LK-61	[7.841671470627675, 80.26702505338031]	80363
LG-61004	LG-61004	Nikaweratiya PS	LK-6	LK-61	[7.8037197765394355, 80.10412390885337]	83608
LG-61005	LG-61005	Polpithigama PS	LK-6	LK-61	[7.803197444927133, 80.42756242470129]	76139
LG-61006	LG-61006	Ibbagamuwa PS	LK-6	LK-61	[7.634334146471652, 80.43137130585426]	125098
LG-61007	LG-61007	Wariyapola PS	LK-6	LK-61	[7.621687725635619, 80.2446272191527]	97642
LG-61008	LG-61008	Kobeigane PS	LK-6	LK-61	[7.684313883165644, 80.10088316401344]	35975
LG-61009	LG-61009	Bingiriya PS	LK-6	LK-61	[7.60698722268951, 79.96911161475298]	62349
LG-61010	LG-61010	Paduwasnuwara PS	LK-6	LK-61	[7.584006948887131, 80.10154150915207]	96128
LG-61011	LG-61011	Kurunegala PS	LK-6	LK-61	[7.511219086000353, 80.3575480768073]	142818
LG-61012	LG-61012	Kurunegala MC	LK-6	LK-61	[7.487215666235184, 80.36476481422423]	24833
LG-61013	LG-61013	Mawathagama PS	LK-6	LK-61	[7.425195777028174, 80.4462133341489]	64074
LG-61014	LG-61014	Rideegama PS	LK-6	LK-61	[7.517404412372438, 80.51876438739527]	88714
LG-61015	LG-61015	Polgahawela PS	LK-6	LK-61	[7.419264163794885, 80.29129602916282]	99495
LG-61016	LG-61016	Kuliyapitiya PS	LK-6	LK-61	[7.471791070444254, 80.10261493946733]	125825
LG-61017	LG-61017	Kuliyapitiya UC	LK-6	LK-61	[7.468897750861788, 80.03535941772189]	5553
LG-61018	LG-61018	Udubaddawa PS	LK-6	LK-61	[7.480167892473891, 79.94722534013634]	52231
LG-61019	LG-61019	Pannala PS	LK-6	LK-61	[7.362623961988867, 80.03109834368271]	124225
LG-61020	LG-61020	Narammala PS	LK-6	LK-61	[7.397766523295913, 80.19361533604956]	56279
LG-61021	LG-61021	Alawwa PS	LK-6	LK-61	[7.328805622090676, 80.21768099806363]	63667
LG-62001	LG-62001	Kalpitiya PS	LK-6	LK-62	[7.992396539658698, 79.76083490746183]	117498
LG-62002	LG-62002	Wanathavilluwa PS	LK-6	LK-62	[8.34699592199092, 79.91260290921292]	17460
LG-62003	LG-62003	Karuwalagaswewa PS	LK-6	LK-62	[8.119794137210041, 80.00045056184824]	23440
LG-62004	LG-62004	Nawagattegama PS	LK-6	LK-62	[8.01194638032792, 80.08824364010516]	14483
LG-62005	LG-62005	Puttalam PS	LK-6	LK-62	[7.956660835794105, 79.85387087474852]	52775
LG-62006	LG-62006	Puttalam UC	LK-6	LK-62	[8.033003854500844, 79.84787879330707]	45511
LG-62007	LG-62007	Arachchikattuwa PS	LK-6	LK-62	[7.6979363657562105, 79.8513390904234]	61900
LG-62008	LG-62008	Anamaduwa PS	LK-6	LK-62	[7.852192330575637, 79.95693665413104]	75161
LG-62009	LG-62009	Chilaw UC	LK-6	LK-62	[7.578888929382397, 79.79391339160352]	23078
LG-62010	LG-62010	Chilaw PS	LK-6	LK-62	[7.547582789689172, 79.85388708123475]	87357
LG-62011	LG-62011	Nattandiya PS	LK-6	LK-62	[7.4254156205417505, 79.86246779441497]	113223
LG-62012	LG-62012	Wennappuwa PS	LK-6	LK-62	[7.32212748144852, 79.88798636888393]	130510
LG-71001	LG-71001	Padaviya PS	LK-7	LK-71	[8.851960823511003, 80.78452913248881]	22998
LG-71002	LG-71002	Kebithigollewa PS	LK-7	LK-71	[8.717652911578394, 80.70922956552342]	22325
LG-71003	LG-71003	Medawachchiya PS	LK-7	LK-71	[8.588659210711048, 80.49694323374055]	46906
LG-71004	LG-71004	Nuwaragam Palatha Central PS	LK-7	LK-71	[8.495533654452238, 80.24280816288565]	66596
LG-71005	LG-71005	Anuradhapura MC	LK-7	LK-71	[8.33861345061946, 80.40611242093367]	66116
LG-71006	LG-71006	Rambewa PS	LK-7	LK-71	[8.475896022801733, 80.55081883423138]	36782
LG-71007	LG-71007	Kahatagasdigiliya PS	LK-7	LK-71	[8.42280321104469, 80.71159995363121]	40339
LG-71008	LG-71008	Horowpothana PS	LK-7	LK-71	[8.512129885656295, 80.85071077894838]	36990
LG-71009	LG-71009	Galenbindunuwewa PS	LK-7	LK-71	[8.266313424024995, 80.70699230647543]	46992
LG-71010	LG-71010	Mihinthale PS	LK-7	LK-71	[8.349959979318578, 80.5454435401749]	31699
LG-71011	LG-71011	Nuwaragam Palatha East PS	LK-7	LK-71	[8.276244328211133, 80.42718195553822]	45533
LG-71012	LG-71012	Thirappane PS	LK-7	LK-71	[8.206243166788978, 80.54691411423904]	31197
LG-71013	LG-71013	Nochchiyagama PS	LK-7	LK-71	[8.332151791712112, 80.12478486958167]	49886
LG-71014	LG-71014	Rajanganaya PS	LK-7	LK-71	[8.182828445240167, 80.18542061448699]	33543
LG-71015	LG-71015	Thalawa PS	LK-7	LK-71	[8.180074200373662, 80.35764588779938]	92260
LG-71016	LG-71016	Galnewa PS	LK-7	LK-71	[8.030264002609961, 80.4354582879281]	42726
LG-71017	LG-71017	Kekirawa PS	LK-7	LK-71	[8.067227781429626, 80.65931943136175]	74823
LG-71018	LG-71018	Ipalogama PS	LK-7	LK-71	[8.08646599231826, 80.50773704397453]	38862
LG-71019	LG-71019	Palagala PS	LK-7	LK-71	[7.906170965336578, 80.53780135710598]	34002
LG-72001	LG-72001	Hingurakgoda PS	LK-7	LK-72	[8.105430274960188, 80.87183256058508]	64289
LG-72002	LG-72002	Medirigiriya PS	LK-7	LK-72	[8.184528198880926, 81.04036146268619]	65575
LG-72003	LG-72003	Lankapura PS	LK-7	LK-72	[8.056454858918174, 81.09527663478175]	36452
LG-72004	LG-72004	Welikanda PS	LK-7	LK-72	[8.041277131051926, 81.23452711113251]	33770
LG-72005	LG-72005	Dimbulagala PS	LK-7	LK-72	[7.788259300802777, 81.12394457801959]	79661
LG-72006	LG-72006	Polonnaruwa PS	LK-7	LK-72	[7.868228241353934, 80.98612411922416]	48722
LG-72007	LG-72007	Polonnaruwa MC	LK-7	LK-72	[7.92212920799629, 81.00509954839495]	33704
LG-72008	LG-72008	Elahera PS	LK-7	LK-72	[7.8090393540538825, 80.84181551965574]	43915
LG-81001	LG-81001	Mahiyanganaya PS	LK-8	LK-81	[7.438557953568868, 81.08319626870241]	75776
LG-81002	LG-81002	Rideemaliyadda PS	LK-8	LK-81	[7.273957517053053, 81.12871505581685]	51618
LG-81003	LG-81003	Meegahakivula PS	LK-8	LK-81	[7.125470637713855, 81.08322735070706]	19719
LG-81004	LG-81004	Kandaketiya PS	LK-8	LK-81	[7.1307393665877585, 80.9940744614972]	23075
LG-81005	LG-81005	Soranathota PS	LK-8	LK-81	[7.045630369551516, 81.04952072576538]	22571
LG-81006	LG-81006	Passara PS	LK-8	LK-81	[6.9650225447113705, 81.14793721285818]	48807
LG-81007	LG-81007	Lunugala PS	LK-8	LK-81	[7.038373414756792, 81.18813494972888]	31381
LG-81008	LG-81008	Badulla MC	LK-8	LK-81	[6.989464011773558, 81.05762568386704]	42237
LG-81009	LG-81009	Badulla PS	LK-8	LK-81	[6.986410119438724, 81.09703628582224]	32805
LG-81010	LG-81010	Hali-Ela PS	LK-8	LK-81	[6.945389053908673, 81.02048243871141]	90571
LG-81011	LG-81011	Uva Paranagama PS	LK-8	LK-81	[6.9674005558128025, 80.91732620415861]	77998
LG-81012	LG-81012	Welimada PS	LK-8	LK-81	[6.859959727768898, 80.8809494389153]	100808
LG-81013	LG-81013	Bandarawela PS	LK-8	LK-81	[6.825352597203801, 81.01791896940603]	31340
LG-81014	LG-81014	Bandarawela MC	LK-8	LK-81	[6.839607287321888, 80.98509380154795]	36641
LG-81015	LG-81015	Ella PS	LK-8	LK-81	[6.868210306786954, 81.06758102497727]	42702
LG-81016	LG-81016	Haputale PS	LK-8	LK-81	[6.794406586613132, 80.96357768324341]	41205
LG-81017	LG-81017	Haputale UC	LK-8	LK-81	[6.7814271073840695, 80.95921098043578]	8593
LG-81018	LG-81018	Haldummulla PS	LK-8	LK-81	[6.700946975995545, 80.9644686010587]	37558
LG-82001	LG-82001	Bibile PS	LK-8	LK-82	[7.189310959981254, 81.29703728680101]	40329
LG-82002	LG-82002	Madulla PS	LK-8	LK-82	[7.159371926217665, 81.42989564813799]	31238
LG-82003	LG-82003	Medagama PS	LK-8	LK-82	[7.052619741880002, 81.29258969047372]	35881
LG-82004	LG-82004	Siyambalanduwa PS	LK-8	LK-82	[6.850996823017496, 81.5266737053867]	54040
LG-82005	LG-82005	Moneragala PS	LK-8	LK-82	[6.831522457666721, 81.35555544947776]	49520
LG-82006	LG-82006	Badalkumbura PS	LK-8	LK-82	[6.8699965508460235, 81.21691805319321]	40103
LG-82007	LG-82007	Wellawaya PS	LK-8	LK-82	[6.612795340546757, 81.12341073918101]	60060
LG-82008	LG-82008	Buttala PS	LK-8	LK-82	[6.6551751608906375, 81.2947323776331]	53084
LG-82009	LG-82009	Katharagama PS	LK-8	LK-82	[6.497923538819629, 81.41112538437488]	18220
LG-82010	LG-82010	Thanamalvila PS	LK-8	LK-82	[6.467935803843525, 80.99571020738782]	68583
LG-91001	LG-91001	Eheliyagoda PS	LK-9	LK-91	[6.837496006855154, 80.22753779216747]	70839
LG-91002	LG-91002	Kuruvita PS	LK-9	LK-91	[6.785579022824837, 80.33067002260215]	128259
LG-91003	LG-91003	Ratnapura PS	LK-9	LK-91	[6.736245578037826, 80.49174084005963]	66801
LG-91004	LG-91004	Ratnapura MC	LK-9	LK-91	[6.6883640065786425, 80.41222784519955]	53411
LG-91005	LG-91005	Imbulpe PS	LK-9	LK-91	[6.715205043321946, 80.73802402567453]	56260
LG-91006	LG-91006	Balangoda UC	LK-9	LK-91	[6.647492514785118, 80.70464675733696]	33938
LG-91007	LG-91007	Balangoda PS	LK-9	LK-91	[6.628156480343502, 80.77299622947156]	50842
LG-91008	LG-91008	Weligepola PS	LK-9	LK-91	[6.560907009697937, 80.71230733048314]	57570
LG-91009	LG-91009	Pelmadulla PS	LK-9	LK-91	[6.6356555500597345, 80.51008591322883]	89469
LG-91010	LG-91010	Nivithigala PS	LK-9	LK-91	[6.603070187378119, 80.42060629819133]	97983
LG-91011	LG-91011	Ayagama PS	LK-9	LK-91	[6.654669014582615, 80.28838643149209]	30894
LG-91012	LG-91012	Kalawana PS	LK-9	LK-91	[6.464410974242051, 80.45226581835136]	51307
LG-91013	LG-91013	Kahawatta PS	LK-9	LK-91	[6.528196192575508, 80.54565127223931]	43298
LG-91014	LG-91014	Godakawela PS	LK-9	LK-91	[6.499133269069033, 80.64163133595464]	76469
LG-91015	LG-91015	Embilipitiya PS	LK-9	LK-91	[6.358671108203824, 80.80726990530187]	98001
LG-91016	LG-91016	Embilipitiya UC	LK-9	LK-91	[6.327832819232686, 80.86300490254578]	36712
LG-91017	LG-91017	Kolonna PS	LK-9	LK-91	[6.390823145127139, 80.6816260758739]	45954
LG-92001	LG-92001	Rambukkana PS	LK-9	LK-92	[7.323137510270422, 80.38631508909641]	82769
LG-92002	LG-92002	Mawanella PS	LK-9	LK-92	[7.230010578502891, 80.4737121183888]	111727
LG-92003	LG-92003	Aranayaka PS	LK-9	LK-92	[7.16524187168155, 80.44404686161481]	67679
LG-92004	LG-92004	Kegalle PS	LK-9	LK-92	[7.204077038097257, 80.37111270352737]	75646
LG-92005	LG-92005	Kegalle UC	LK-9	LK-92	[7.252415130080104, 80.34958751645422]	15993
LG-92006	LG-92006	Galigamuwa PS	LK-9	LK-92	[7.216216287829862, 80.30577686050555]	74490
LG-92007	LG-92007	Warakapola PS	LK-9	LK-92	[7.203836260916478, 80.23218478838606]	113056
LG-92008	LG-92008	Ruwanwella PS	LK-9	LK-92	[7.0636517121910325, 80.21876707538979]	63913
LG-92009	LG-92009	Bulathkohupitiya PS	LK-9	LK-92	[7.0973481340203755, 80.35828595257875]	47095
LG-92010	LG-92010	Yatiyanthota PS	LK-9	LK-92	[7.028375953814024, 80.36952407246498]	61096
LG-92011	LG-92011	Dehiovita PS	LK-9	LK-92	[6.939019771158075, 80.28090307222234]	81315
LG-92012	LG-92012	Deraniyagala PS	LK-9	LK-92	[6.906897251517498, 80.40284603860853]	45869
