entity_id	valid	rejected	polled	electors	UNP	PA	IND1	MEP	SLPF	NSSP	TKLO	DWC
EC-01	60047.20589052304	1834.5549168221405	61881.76080734516	76113.53229773196	23819.727846146947	31596.1621970064	1230.289823197883	2548.728917984761	652.2972070716312	114.1545297538581	52.169847813739	33.675521547809865
EC-01A	3223.831412389705	186.22368180014044	3410.055094189845	4562.444295179068	1761.1172869660795	1302.7757762647695	90.05958232833633	28.6553216499252	19.247183464110158	11.275402253228712	6.894513479681251	3.806345983574024
EC-01B	3405.4278371165024	213.3062363756497	3618.734073492152	4946.142874237167	1783.8734723819139	1496.523820176785	54.29613289561992	31.23984579446546	17.861506365400526	11.350240100722644	4.625489696219259	5.657329705375863
EC-01C	2056.257777876757	87.00474355833686	2143.2625214350933	2969.0654187916175	974.8641738859319	957.0521791417054	14.729149500033406	76.78568247110438	23.635146872146628	5.309344587221344	2.055230162795359	1.8268712558180968
EC-01D	5304.8459897061975	214.94104653656444	5519.787036242762	7578.598123525628	2372.3221316748873	2419.215944670813	211.61995496461506	214.54251554793052	65.49192579884195	7.704932446922582	11.557398670383874	2.3911859318035598
EC-01E	5033.668300354779	162.54244541165284	5196.2107457664315	7308.47061190154	2570.3880253099737	1777.2759226070737	556.9207051680626	91.46724699169745	17.81829486851249	8.71116638016166	6.13741267693208	4.949526352364581
EC-01F	3659.3307816820666	115.77800633978553	3775.108788021852	5029.567579415931	1540.8570176030216	1899.1958589060498	73.9414918729345	104.13654144466177	29.740304849261484	6.457375059013961	4.001753557698793	1.0004383894246982
EC-01G	4399.473321047893	165.03394551127678	4564.50726655917	5968.894195129103	1584.4057964944611	2594.0898686993487	31.068739136808162	105.99335120306579	66.53305551483678	11.488440516826168	4.994974137750508	0.8990953447950915
EC-01H	1182.218820264285	49.26429543996202	1231.483115704247	1600.725667363984	475.70668850782783	655.7743456781106	0.7456217688210468	29.221272178081975	16.598960805897114	2.449900097554868	1.2604558472927219	0.46157538069874327
EC-01I	1594.6747216892372	45.24526570451322	1639.9199873937505	2169.7313849262628	646.38270163047	856.3390154148475	4.265546935105624	60.1746799773829	22.607398756059805	3.168692008935606	1.1882595033508523	0.5484274630850088
EC-01J	1236.0634023829457	44.402220273685636	1280.4656226566312	1669.4792275859882	452.4010934728874	691.8337968822533	0.8408393872425518	63.83003558944775	22.732166591943376	2.6995369800945084	1.3866474105403486	0.3392860685364683
EC-01K	307.06304783903715	14.242696492614431	321.30574433165157	401.3504893319555	142.16998358762385	102.70358032946325	0.22732964561424837	58.54232569448666	2.3523676372257007	0.4694851376815999	0.3607622636921768	0.2372135432496505
EC-01L	520.5434013680888	20.516158419449518	541.0595597875383	743.9446743956684	206.46042880512064	279.5588448482784	0.2164741017709105	23.805168159259157	8.239981938376593	1.180133006428512	0.740201767345694	0.3421687415088585
EC-01M	1455.755914531394	40.57516685927819	1496.3310813906721	1974.5217006155083	492.45623984971206	799.6932742092321	0.9939161910774196	135.09464777546418	22.255927259027708	2.9622600204660348	1.7344811961939284	0.5651680302204934
EC-01N	1116.5429022313565	39.251631108501336	1155.7945333398577	1485.2967149474782	396.0639516865662	660.5572926861095	0.441781659816011	36.26625807398708	18.983224049063743	2.208908299080055	1.4056689175963986	0.6158168591374699
EC-01O	2280.508260042786	82.22737699072974	2362.7356370335156	2978.299340385073	924.2588542904683	1268.5726764915617	2.922557642025196	46.97402543380081	30.199762300927027	4.718712859519848	1.8265985262657476	1.035072498217257
EC-01P	23271	354	23625	24727	7496	13835	187	1442	268	32	2	9
EC-02	36892.643847190244	1199.3520045892933	38091.99585177953	42585.94339333863	13958.599698373628	22387.116678967377			546.9274698492377			
EC-02A	1857.5741575274178	75.79050277738214	1933.3646603047998	2467.1871471300383	908.2743085030622	932.1914485116081			17.108400512747473			
EC-02B	774.7221041819103	34.42732312714583	809.1494273090561	1081.240663871222	384.04041199977485	386.80425789384816			3.877434288287274			
EC-02C	733.3163904838619	31.46890197412913	764.785292457991	951.3760321856706	306.1808376372478	420.5915926134919			6.543960233122122			
EC-02D	580.5077951629834	20.65593496164061	601.163730124624	714.836269875376	270.1681331764673	305.49089448878806			4.8487674977280255			
EC-02E	402.6657917122372	15.960025519504192	418.6258172317414	521.2501215214485	177.67546481954065	218.58067808968283			6.409648803013732			
EC-02F	576.6315447118	18.796059013856254	595.4276037256561	732.7176991100818	241.97461462112585	327.72341881108724			6.933511279586835			
EC-02G	538.5167948380448	20.08010664456107	558.5969014826059	699.5839125783451	184.732414009421	347.32190526333477			6.462475565288988			
EC-02H	983.8564606130514	31.67116412957145	1015.5276247426227	1294.9070102748562	349.89157016598625	616.68502076725			17.279869679815043			
EC-02I	1194.8693734151775	41.64093568412225	1236.5103090992998	1578.44614208941	516.675279499407	662.4591084800095			15.734985435761036			
EC-02J	1209.032279023207	44.02592621112512	1253.058205234332	1608.3974405867687	478.3494768555505	711.8426572080353			18.840144959621142			
EC-02K	666.6906918606538	24.671471705464107	691.3621635661179	851.118145514756	281.0282783026525	379.42839518197457			6.234018376026752			
EC-02L	1376.9867031111826	53.30140686550366	1430.2881099766862	1810.4059811881984	573.6022027494172	779.8447302837849			23.539770077980545			
EC-02M	1192.2737605487152	46.86224597528742	1239.1360065240026	1613.476827412461	485.0067060339743	680.1525713744821			27.114483140258773			
EC-02P	24805	740	25545	26661	8801	15618			386			
EC-03	19081.292920181462	447.0268770090651	19528.31979719053	21177.833329150722	7355.160889568357	11049.936997091485		442.1026921946605	226.25906446650197			
EC-03A	930.2761276539925	36.58786050259543	966.8639881565879	1240.1927552798757	355.79686299495904	544.3725240335064		16.105859865449844	13.43309034349643			
EC-03B	182.85513703106616	8.296926059866673	191.15206309093284	235.09132499673214	77.38463465644197	101.3695045967496		1.9175961831728463	2.099320291054856			
EC-03C	574.4021045079517	24.899007533181873	599.3011120411336	730.0677747219897	258.3834509147435	303.4941528159751		7.2278369006337435	4.827932560086094			
EC-03D	713.8224787905849	45.76029488149154	759.5827736720764	925.6306235704717	348.29727808709754	357.2264737240179		4.471928849360756	3.3136259670673143			
EC-03E	313.3540682703827	21.52451702628644	334.87858529666914	427.5823430593614	141.5047574459882	162.81584346556878		3.5749693623232313	5.170366137449569			
EC-03F	766.3881872095906	36.44711767659753	802.8353048861882	1040.0724696639354	330.6832908511896	413.3119990338226		8.747789551299572	13.320224254867437			
EC-03G	373.84119440622175	16.289060368917795	390.1302547751396	486.9238584218853	168.77324830725772	195.61971036982706		4.506349677818257	4.697985682158466			
EC-03H	375.3536223116716	24.222092960127814	399.5757152717994	498.272179436469	171.33736631067887	196.72678905201766		2.5503618046022476	4.396519230321785			
EC-03P	14851	233	15084	15594	5503	8775		393	175			
EC-04	26427.915398521374	770.1075519621168	27198.02295048349	30239.553118982916	12448.094618110486	13542.237003749764		250.83591253614821	171.98296552679497			
EC-04A	223.06588986810198	11.014609333412196	234.08049920151416	290.48358668007336	121.9092683503874	98.66363044892648		1.3701425445081918	0.9624415922399006			
EC-04B	458.0810822519158	23.60845623628172	481.6895384881975	592.6308386922869	229.77016827756174	222.60409045400286		2.305513304324387	2.9619065039085064			
EC-04C	932.4255232640362	58.19934415217084	990.624867416207	1224.9779203790129	542.8031837788149	379.6702729458351		5.114552397114976	3.9637781077641066			
EC-04D	279.7620321578165	17.218713687339548	296.98074584515604	342.1307931360627	145.15319551411972	132.9262261856506		0.600932306445075	0.7451560599918929			
EC-04E	117.43618311105287	7.957040338172167	125.39322344922503	148.65157125536587	60.4122292492709	56.12732247599699		0.30638660418782976	0.4460628502146345			
EC-04F	1453.0867238529945	81.02478948611002	1534.1115133391045	1894.9614385771622	746.7995592980247	681.1208782560793		13.382072873219485	10.585818840009445			
EC-04G	420.6731727152587	29.108434143200842	449.78160685845955	561.6110602826066	246.83639998644574	171.2949408695063		1.1928772322184948	1.0256514520009488			
EC-04H	1208.4173391581326	46.197272072104134	1254.6146112302367	1599.401208260301	602.7165837730108	583.0038347583924		13.600936001352398	8.206471933305455			
EC-04I	852.2917227388675	29.39417920340651	881.6859019422741	1127.4742402635225	465.216060417378	369.2927069315283		12.378331693012232	4.88159559724426			
EC-04J	416.7474699840606	19.493412055419846	436.2408820394805	536.9874654569119	198.44330217774717	212.16769313476755		2.6456657266545314	3.2152187650315485			
EC-04K	280.9405707587575	14.307217889184438	295.24778864794195	362.2896983905144	137.99624904197287	138.30949912086922		2.4548577611469273	1.988179072178892			
EC-04L	1816.8918857626659	110.43783166775019	1927.329717430416	2367.203211224166	990.0076652102264	813.5622363666602		5.527206204738219	6.164960766823398			
EC-04M	1114.0958028977122	72.14625169756435	1186.2420545952766	1443.7500863849314	615.0307530355263	490.4936718015477		2.956437887225477	4.835723986081981			
EC-04P	16854	250	17104	17747	7345	9193		187	122			
EC-05	8715.995757077762	209.32503815237524	8925.320795230138	9544.130679903603	3644.715896790982	4963.662808305042	20.987032419480016		86.6300195622592			
EC-05A	455.7525492545648	26.81954244297988	482.5720916975447	593.4022441583825	210.54826569253052	236.93244838959242	4.125551877984795		4.14628329445708			
EC-05B	75.63014149391248	5.049982412544962	80.68012390645742	93.60213772679306	34.66317186914933	39.82889108259295	0.8429496998785898		0.29512884229158864			
EC-05C	662.1090855057254	39.86143744717999	701.9705229529054	888.74333423108	340.20145434958255	312.3287610167445	4.455993387631527		5.122876751766858			
EC-05D	199.50398082355963	13.594075849670405	213.09805667323005	265.38296378734697	105.30300487971921	91.57270781611163	1.562537453985104		1.0657306737436865			
EC-05P	7323	124	7447	7703	2954	4283	10		76			
EC-06	10147.632850396993	402.4025185154095	10550.0353689124	11797.198701781095	5279.828848891612	4142.536603254559	627.3773946062811	40.01045471859977	57.8795489259389			
EC-06A	1996.9657960303196	167.58912155321588	2164.5549175835354	2666.407111247269	1189.6345385659272	494.8943867769861	303.9872097114287	2.7705861657136976	5.679074810263824			
EC-06B	1255.691796797786	73.48452263293142	1329.1763194307175	1606.0328523423602	748.1496738485866	454.15520853923704	45.38169598734928	2.536864993081637	5.468353429531528			
EC-06C	354.0905702150732	20.82934212904392	374.91991234411717	445.29109434303274	204.3600894632207	147.63600216880536	0.5607265497921562	0.46177480571118745	1.071977227543828			
EC-06D	765.8846873538125	46.499532200218304	812.3842195540309	977.4676438484329	411.68454701387805	332.8510057695306	18.4477623577109	1.241228754093248	1.6601434585997192			
EC-06P	5775	94	5869	6102	2726	2713	259	33	44			
EC-07	16832.870738743884	373.459375182823	17206.330113926706	18983.94533081509	5954.962427678174	10427.362286417949		157.80457048317652	287.22415392651317			
EC-07A	532.7270731996678	23.207379285799025	555.9344524854669	739.7436232055996	239.45643018151617	284.324030134061		1.6648772096334084	7.079932376319848			
EC-07B	203.10783551442807	8.500585884027815	211.6084213984559	264.50934676668675	83.27364616985162	115.246421726989		0.8118271915895526	3.6815419153479714			
EC-07C	438.75435737489073	22.423078168337668	461.1774355432284	602.4825651043072	179.72522906571407	248.4136457332801		1.1921130165445344	9.13953312684143			
EC-07D	675.999190652902	30.02123244620855	706.0204230991105	891.0147834996512	273.87856349500186	387.6438872768914		2.5079772349603506	11.67078515278579			
EC-07E	329.5215030459693	14.91605261291365	344.43755565888296	403.64565092324784	141.71607467944423	182.70671216575116		1.6072630409255333	3.263395566203532			
EC-07F	367.84133676832977	18.49312734022466	386.3344641085544	468.03290715908724	150.32513521298043	211.3896054021186		2.449379140397478	3.179785259384901			
EC-07G	745.8408173828032	32.51140099489135	778.3522183776945	1009.8205840913229	311.26769095108926	415.43531768472104		5.184744999185301	13.587081747865009			
EC-07H	483.90171893581265	15.302007882141348	499.203726817954	669.176876431218	214.58422195795538	251.94356701294362		10.607809413360329	6.604251638836746			
EC-07I	281.6547885751755	10.189732020888789	291.8445205960642	362.50197100861	115.96456087489365	157.95775406496134		3.9676832647708555	3.635164354797162			
EC-07J	327.522117293906	12.894778547390207	340.4168958412962	436.0170226253624	121.7708750897277	195.30134521623208		4.81089597180919	5.382682788130774			
EC-07P	12446	185	12631	13137	4123	7977		123	220			
EC-08	11227.880093229141	258.405153278664	11486.285246507805	12896.65549709135	3608.8310329115857	7293.989553754756		65.2864081970353	259.77309836576353			
EC-08A	424.35963850439464	25.412584678541084	449.7722231829357	542.6388126583611	182.61956497221865	234.61233957128786		1.3583904122463402	5.76934354864176			
EC-08B	587.6963658293565	33.118936493785725	620.8153023231423	791.8274162252872	230.19057108395828	344.4145996119356		2.0217630709528556	11.069432062509833			
EC-08C	653.7650909454328	30.866180291824907	684.6312712372577	860.6746951828903	253.93608834699182	379.0399260443734		2.851139316410154	17.937937237657405			
EC-08D	572.9743597379393	26.714294222751636	599.6886539606909	795.7817153067301	185.1906789755807	372.4558070279928		2.6737343656938655	12.654139368671828			
EC-08E	620.8869587840339	23.35859591542672	644.2455546994606	849.1185847083663	245.32235308244194	357.68722295045876		1.3322393107657824	16.545143440367433			
EC-08F	519.5219204697552	15.981071629031563	535.5029920987868	719.3538620957645	185.22179525927206	319.5137170243081		2.4089115323172576	12.37749665385778			
EC-08G	500.6757589582283	20.953490047302328	521.6292490055306	698.2604109139514	171.34998119112223	313.2659415243995		1.6402301886490425	14.419606054057516			
EC-08P	7348	82	7430	7639	2155	4973		51	169			
EC-09	7435.504403228348	189.33632779694403	7624.840731025292	8385.340926929814	2435.46220056424	4477.6139335338985	7.492457480182715	130.15741594670916	371.9048352382659			
EC-09A	340.2196140212682	23.83183930681371	364.05145332808195	463.8183851910201	139.82443481685704	178.47596691610872	1.8872942103190233	1.8239621898385192	16.966648286727057			
EC-09B	376.1436216933919	18.156940046981923	394.30056174037384	514.3636196506997	145.09208456745992	198.46554999489328	1.1985292615667449	5.292207128996017	24.66324175262997			
EC-09C	460.629603816052	24.500850427131823	485.1304542431838	612.0825297969205	173.08689702798097	250.3035321499821	1.7397948744181289	3.350996214640135	30.665775743004758			
EC-09D	661.511563697636	34.84669801601656	696.3582617136526	903.0763922911735	254.4587841519421	353.36888447291426	2.666839133878818	4.690250413234493	43.6091694559041			
EC-09P	5597	88	5685	5892	1723	3497	0	115	256			
EC-10	150.288367978799	9.318878928782894	159.60724690758184	12441.458808424075			7.245529972695195					
EC-10A	77.41927233726591	2.23823666914171	79.65750900640761	366.892940626461			1.5860352556169732					
EC-10B	7.755532657674976	0.3421558525444843	8.097688510219461	747.0276056164741			0.544914876274549					
EC-10C	7.6690992702189344	0.38028591422573227	8.049385184444667	3829.289013296011			0.9507147855643306					
EC-10D	0.09498066690100726	0.007915055575083938	0.10289572247609119	462.0967745845505			0.0633204446006715					
EC-10E	1.7389378806966505	0.09152304635245528	1.8304609270491057	1723.562008909438			0.5186305959972466					
EC-10F	0.12208314016380775	0.0	0.12208314016380775	795.8752511203832			0.015260392520475969					
EC-10G	0.6918390444770872	0.020348207190502565	0.7121872516675898	820.7652852361115			0.6307944229055795					
EC-10H	0.47878787878787876	0.01818181818181818	0.49696969696969695	313.43636363636364			0.012121212121212121					
EC-10I	0.4243785037128349	0.022335710721728155	0.4467142144345631	1393.1229491356285			0.2010213964955534					
EC-10J	50.01837951318057	0.1978966548493791	50.21627616802995	1237.9672614921471			0.6431641282604821					
EC-10K	0.8750770857193199	0.0	0.8750770857193199	742.4233547705048			0.07955246233812					
EC-10P	3	6	9	9			2					
EC-11	917.6205683616995	30.47309616361582	948.0936645253153	1679.0603805687701	165.67331332818966	214.4659072669558	31.017366596399192			0.2724327751530927		
EC-11A	9.054203073214824	0.5664959325097921	9.620699005724616	27.692738776739983	1.2482374209099127	0.10602591141910214	0.04712262729737873			0.00819523952997891		
EC-11B	8.404010228989886	0.4751249564105544	8.879135185400441	198.40077879809368	3.036998721376264	1.2999418807392769	0.015203998605137742			0.007601999302568871		
EC-11C	214.16235505949473	17.431475274695476	231.59383033419022	714.9668629939366	44.388077185903484	48.05993947479743	4.955039970496675			0.2566355363205449		
EC-11P	686	12	698	738	117	165	26			0		
EC-12	4432.174201128935	221.77123232065628	4653.945433449591	5472.291328484078	616.552185406784	418.6711017978227	30.46539448242147					
EC-12A	646.7870167527831	62.47450038640617	709.2615171391892	977.8155597141233	91.50091013022846	39.09137707493725	1.208327212574487					
EC-12B	193.2482496301455	14.35323885388378	207.6014884840293	306.3334748189876	33.681278151180855	18.32912310488208	1.2708983240131375					
EC-12C	572.1389347460063	63.94349308036631	636.0824278263726	833.1422939509671	29.369997125374727	112.25060161800336	11.986168945833846					
EC-12P	3020	81	3101	3355	462	249	16					
EC-13	8112.486745611564	215.09362508173845	8327.580370693302	9012.118229301068	2935.3572139089356	2151.0159379146135	178.94141340203504		33.479666748427405			
EC-13A	378.97110082021544	19.615819922352337	398.58692074256777	495.128217846337	186.038751685297	189.21599307393663	0.388869599722236		2.054822316714088			
EC-13B	354.55070918204115	20.090469588709965	374.64117877075114	479.13926806725675	90.99692510042301	8.19285663502897	3.1702392378514803		0.40549571646937543			
EC-13C	590.3473015167285	22.391156290734923	612.7384578074634	773.8038660913675	117.51507128926973	8.993421783899032	5.513090751088791		0.4003920657215323			
EC-13D	411.61763409257895	25.99617927994122	437.6138133725202	560.0468772961058	95.80646583394562	45.61366642174871	13.86921381337252		0.6189566495224099			
EC-13P	6377	127	6504	6704	2445	1899	156		30			
EC-14	4301.756935744256	88.00415512266976	4389.761090866926	4884.919196481336	1166.174153779852	837.6661676198321	23.479394606893354		21.203001602694155			
EC-14A	268.4160078575624	17.157420870687247	285.57342872824967	405.6011324134079	108.06725149014434	127.57073250584985	0.2598484337836667		2.123332916060819			
EC-14B	102.05163424008582	5.5479992849268545	107.59963352501266	177.5070538986384	14.995374370586658	13.55710157018145	0.925543008670262		0.5232473259243811			
EC-14C	267.2892936466079	14.29873496705566	281.58802861366354	400.8110101692901	89.11152791912109	5.538333543800745	1.2940031644394263		0.5564213607089533			
EC-14P	3664	51	3715	3901	954	691	21		18			
EC-15	25113.237522721513	637.0503585863617	25750.287881307875	28339.374140370604	11255.850272827898	13443.076349024594		214.00260044279264	200.30830042622654			
EC-15A	316.1957687280355	13.015552233432214	329.2113209614677	390.47774394777827	134.10098385291516	178.1046155772798		1.2182869844947284	2.771882313345804			
EC-15B	306.1723238252929	14.140596907587199	320.3129207328801	385.25802162514736	134.35659750967946	169.51376867949458		0.8012008395842218	1.5007567965346245			
EC-15C	332.5682354974365	16.99274151736851	349.56097701480496	425.1426349444092	159.52837144996832	169.18422720202776		0.59790310501757	3.257733740422835			
EC-15D	280.2727781419367	15.58269516698908	295.85547330892575	371.6281954947321	144.82447361268765	132.67140961486194		1.0565476666293625	1.7203472477577577			
EC-15E	304.8686016263493	12.557403576329857	317.42600520267916	378.6230310726941	132.86679912332806	169.41541549742936		0.8833288953524098	1.703058110239446			
EC-15F	372.5865938473354	15.634818876136025	388.2214127234714	471.34459401800575	179.08892989717114	190.58011904253956		1.2260848231428938	1.6914600844818024			
EC-15G	373.59509513004014	10.853403735381393	384.4484988654215	460.2490923372316	177.01366730668528	193.6364723337406		1.3406702740443357	1.6042852155699074			
EC-15H	547.2387925135843	22.327510565506138	569.5663030790903	685.4695592674582	238.9792875830147	301.6161964177903		2.227756087744013	4.4155524250352185			
EC-15I	456.3312883435583	18.5272115574906	474.8584999010489	575.4573520680784	225.85909360775779	225.32713239659608		2.884227191767267	2.260835147437166			
EC-15J	342.7352308538842	12.486218798459307	355.22144965234355	428.389575308889	162.6557951077985	177.09589315191835		1.2653694162373068	1.7181731779300684			
EC-15K	1120.8553182029466	44.92896263212142	1165.7842808350679	1438.550716436612	570.7394353388169	536.2896061114367		7.054748287221358	6.771528465471595			
EC-15L	514.687724423346	22.378726623020942	537.066451046367	679.8213481485345	253.34971352060998	254.85542137249274		2.6436092055956943	3.8389803246476606			
EC-15M	114.51737670082598	4.338417246461254	118.85579394728724	150.12855159886212	53.99497035336052	58.80140178908044		0.5051581725331596	1.2158463858518695			
EC-15N	374.6123948869401	23.28609915007778	397.8984940370179	509.83372410217106	178.49215456410488	189.9846698379061		1.2977094934283202	4.837860991500778			
EC-15P	19356	390	19746	20989	8510	10496		189	161			
EC-16	6920.372962166577	194.2917205157869	7114.809238402493	7938.2727267553855	2823.796718332448	3985.838904077652		50.18826737844348	60.549072378032875			
EC-16A	214.9170460200151	12.642179177647948	227.55922519766307	316.72867174109365	99.47986509150556	114.41945115096114		0.37359700694815606	0.6441327706002691			
EC-16B	470.7135791061407	23.683045481105026	494.54118030737453	642.5501759726053	203.71916402820997	262.44090989387286		1.0279517875827207	3.5255533964751122			
EC-16C	286.6802324031875	12.663934863143306	299.3441672663308	386.2755923349591	135.22459422723273	148.8186748754031		0.9813038032035393	1.6556594973481515			
EC-16D	281.8975296538689	10.627416690955018	292.52494634482395	379.67094141649665	124.41853686971729	154.8515937574521		0.9661287900868198	1.6612702366127023			
EC-16E	520.1645749833646	23.67514430293558	543.8397192863001	715.0473452902307	243.95455811578282	271.3082743999629		1.8392859906222436	3.0624564769966423			
EC-16P	5146	111	5257	5498	2017	3034		45	50			
EC-17	13818.399162077898	338.16366565304355	14156.56282773094	15544.426737679027	5692.156726429463	7873.143520447151		98.28908552288782	154.80982967839702			
EC-17A	199.57640993248032	8.10769007520209	207.68410000768242	259.0745960341781	80.74720659661463	116.2798781060341		0.9890824662188117	1.5602427636127734			
EC-17B	769.7566411010621	29.06862394736601	798.8252650484282	973.4804959177503	336.49928984431557	427.5073077310755		1.367274193400592	4.382769332270391			
EC-17C	621.0272357584663	25.157229265625535	646.1844650240919	831.1798516898473	267.2319311075419	338.6045176502751		3.8177903837610634	11.372996616888221			
EC-17D	415.43052070263485	20.26388017565872	435.6944008782936	548.4840809284818	205.978356336261	203.94777289836887		1.2670169385194479	4.237374529485571			
EC-17E	234.7435597994092	11.66299249970336	246.40655229911258	294.1104061151461	92.60637493989147	139.30632560405178		1.048192996808783	1.7826662586571909			
EC-17F	177.94496268656718	9.285774253731343	187.2307369402985	228.05373134328357	76.38423507462687	99.24622201492538		0.7048973880597015	1.609608208955224			
EC-17G	297.9198320972782	14.617475435756504	312.53730753303466	377.0435756503407	139.7093325302112	155.25149644241992		1.0948311561194142	1.8641719685276512			
EC-17P	11102	220	11322	12033	4493	6393		88	128			
EC-18	5428.227783965653	136.04317617874682	5564.2709601443985	6163.9243083660385	2344.053716088297	2999.485884992364			84.6881828849919			
EC-18A	436.872481608813	16.750748586004214	453.6232301948172	546.8576300321615	194.1771930797383	234.96783852722638			7.727450001848361			
EC-18B	638.8090211414626	23.156399776529742	661.9654209179923	787.0327658364943	317.02620874866454	317.39648328383663			4.386329108961354			
EC-18C	673.5462812153764	30.13602781621285	703.6823090315894	884.0339124973832	328.8503142598937	337.12156318130064			7.5744037741821835			
EC-18P	3679	66	3745	3946	1504	2110			65			
EC-19	13785.353283746768	627.342341024781	14412.69562477155	16093.915686595108	5997.284525004676	7386.669176283281	23.100939084704574	114.18287966608068	211.15436634773			
EC-19A	460.58950971003344	31.291261754870714	491.88077146490417	591.0628051556588	283.74262524137714	169.51886274078842	0.8728668540119628	2.4562067287313374	3.23772705150949			
EC-19B	656.1658838828118	65.61419720033656	721.7800810831485	869.0055228333206	342.89635125831865	302.3896274764782	2.0803335118182513	2.223804788495372	4.662816492006425			
EC-19C	259.2967526313164	27.870367137227515	287.1671197685439	342.0338704045493	158.21344839626877	97.19893250860478	0.4780765201775827	0.4631366289220332	1.8151967875492592			
EC-19D	768.0017856666933	51.36630153780549	819.3680872044988	1061.773540150849	375.1569787585619	373.1150555688814	0.7955544894858879	6.841768609578636	9.016284214173396			
EC-19E	506.8234696526735	46.96778453793275	553.7912541906063	670.4757706764796	284.0458850221806	210.74372114548882	1.0440338183336908	2.3078642300007903	6.387838493752187			
EC-19F	1061.2395446037078	88.5272058257904	1149.7667504294982	1347.9876022462115	552.3296751198749	480.3065719633837	2.202453909074592	6.03529577681479	14.873714710633607			
EC-19G	786.897005894827	64.00848232524659	850.9054882200736	1040.4869749615766	386.669422773876	364.8677457637011	1.2607731367094026	2.9870625085115075	11.870663994863913			
EC-19H	234.08151206599027	17.96847754397694	252.0499896099672	311.4867323798596	119.86161379796356	107.89366930784313	0.6182701950615722	0.9494863709874145	2.186026761110559			
EC-19I	348.2578196387151	37.72826316159415	385.98608280030925	487.6028677866029	195.368524636255	144.63498980811133	0.74857665003163	0.9182540240387994	3.104097842131159			
EC-19P	8704	196	8900	9372	3299	5136	13	89	154			
EC-20	5293.775071381544	258.84739152325426	5552.622462904797	6099.094657856807	2244.973236252461	2837.6889792891197	2.934730495043986		65.62136721867657			
EC-20A	237.68600625418807	25.39144516417244	263.0774514183605	311.88545156726974	113.62365051001414	113.7463144963145	0.17172958082048992		2.588210110937384			
EC-20B	553.0044827130159	59.45012981769837	612.4546125307143	716.6708686300578	226.25192986363922	306.3890980976313	0.4128481237340164		4.80912273863138			
EC-20C	956.0845824143397	103.00581654138347	1059.0903989557232	1283.5383376594798	418.09765587880787	456.5535666951742	0.35015279048947967		15.224034369107812			
EC-20P	3547	71	3618	3787	1487	1961	2		43			
EC-21	15160.194053624811	404.9569796434705	15565.107540766254	17275.793472393685	6838.122896177652	8074.518451737267	20.2756455959304	104.65831552351167	117.12230372827018			
EC-21A	1726.9187376974032	85.1240101746407	1812.042747872044	2179.5033481039395	762.981385440916	934.7511077954646	4.565106015801253	16.373513576673826	6.969395184123246			
EC-21B	1080.8080875083713	52.72820741780144	1133.5362949261728	1337.7038874892366	506.5977485091048	561.4889179449565	3.268475938386963	3.893331632490353	4.854648084957106			
EC-21C	1312.2259528946422	71.15439590075512	1383.3803487953974	1584.746449119022	700.2869471413161	596.5096188421431	4.592412801150665	3.388304566702625	6.49658396260338			
EC-21D	427.65452370441045	28.052663808940597	455.6636950113217	530.1446047366097	217.165311382959	205.0816445691337	1.4787450689984192	0.9640837949842634	2.7037838761588744			
EC-21E	339.6347630167339	17.91405486462895	357.5488178813629	414.9702400047747	185.64771447116138	150.76620983445116	1.0180469863248756	0.6013026059579675	1.410977402099389			
EC-21F	211.63551672260155	10.5763221849323	222.21183890753383	251.5750491841222	104.63111908343942	104.96586043282028	0.8349728040736025	0.4814257609073024	0.5265594259923619			
EC-21G	446.34077646385236	21.123604413027678	467.46438087688	532.7555217898747	217.5632776199599	225.41692541454714	1.4279359626522208	0.6770386029816564	0.9232344586113497			
EC-21H	683.9756956167977	33.283720878743765	717.2594164955415	857.3943719661033	272.2493925287961	399.53816690375106	3.089950018542401	2.2793149828136845	6.237121333724476			
EC-21P	8931	85	9016	9587	3871	4896	0	76	87			
EC-22	17598.272322420533	492.43522673492885	18090.70754915546	20149.320359291407	8214.629160155895	9199.839590402891			183.80357186174604			
EC-22A	762.4436208604586	25.36026393999434	787.8038848004529	964.1298825360884	389.7783222473818	366.69979479196155			5.9655038211152			
EC-22B	617.0519018924772	25.302725732040297	642.3546276245175	800.1524338574523	305.6906835514547	306.9195461820921			4.441672158930421			
EC-22C	672.4367513876717	26.039326726443292	698.476078114115	880.7994674037619	293.59982246792066	370.1304298973011			8.706499022449943			
EC-22D	715.4671072502989	29.534245913325034	745.001353163624	946.5347171042298	340.32538752431464	366.26251374306804			8.879205982916309			
EC-22E	307.67392820237086	12.833847213704223	320.50777541607505	402.2612976669551	165.5055490678742	139.28235976106663			2.8860193734300044			
EC-22F	253.008315084579	10.753943317782221	263.7622584023612	323.8267796502587	133.02459614713257	117.65854200387191			2.3251769335745345			
EC-22G	666.618740597464	39.73436492585429	706.3531055233183	874.7663872770255	368.42789598108743	295.10853212980874			3.0823124865678055			
EC-22H	1311.9789159361223	57.07244242234709	1369.0513583584693	1686.8044226093798	659.8291484661091	643.5141989568937			8.635568513119534			
EC-22I	299.5930412090899	15.804066543438077	315.397107752528	392.04497118625636	176.44775470262041	121.26367293682722			1.8816135696422747			
EC-22P	11992	250	12242	12878	5382	6473			137			
LK	317841.1008800228	9337.761610786669	327178.96355402755	382818.1033082926	128800.00757672856	169302.69803293477	2203.6071219399505	4216.247520594808	3793.6180258080985	114.42696252901119	52.169847813739	33.675521547809865
LK-1	116021.14265789473	3480.933798420499	119502.07645631523	139877.3090202213	45133.48843408892	65033.215873065266	1230.289823197883	2990.8316101794217	1425.4837413873706	114.1545297538581	52.169847813739	33.675521547809865
LK-11	36776.20589052304	1480.5549168221405	38256.76080734516	51386.53229773197	16323.727846146947	17761.1621970064	1043.289823197883	1106.728917984761	384.29720707163114	82.1545297538581	50.169847813739	24.675521547809865
LK-1103	6629.259249506207	399.52991817579016	7028.789167681997	9508.587169416234	3544.9907593479934	2799.2995964415545	144.35571522395625	59.89516744439066	37.10868982951068	22.625642353951356	11.52000317590051	9.463675688949888
LK-1103050	3223.831412389705	186.22368180014044	3410.055094189845	4562.444295179068	1761.1172869660795	1302.7757762647695	90.05958232833633	28.6553216499252	19.247183464110158	11.275402253228712	6.894513479681251	3.806345983574024
LK-1103175	3405.4278371165024	213.3062363756497	3618.734073492152	4946.142874237167	1783.8734723819139	1496.523820176785	54.29613289561992	31.23984579446546	17.861506365400526	11.350240100722644	4.625489696219259	5.657329705375863
LK-1106	1182.218820264285	49.26429543996202	1231.483115704247	1600.725667363984	475.70668850782783	655.7743456781106	0.7456217688210468	29.221272178081975	16.598960805897114	2.449900097554868	1.2604558472927219	0.46157538069874327
LK-1106230	1182.218820264285	49.26429543996202	1231.483115704247	1600.725667363984	475.70668850782783	655.7743456781106	0.7456217688210468	29.221272178081975	16.598960805897114	2.449900097554868	1.2604558472927219	0.46157538069874327
LK-1109	1236.0634023829457	44.402220273685636	1280.4656226566312	1669.4792275859882	452.4010934728874	691.8337968822533	0.8408393872425518	63.83003558944775	22.732166591943376	2.6995369800945084	1.3866474105403486	0.3392860685364683
LK-1109285	1236.0634023829457	44.402220273685636	1280.4656226566312	1669.4792275859882	452.4010934728874	691.8337968822533	0.8408393872425518	63.83003558944775	22.732166591943376	2.6995369800945084	1.3866474105403486	0.3392860685364683
LK-1118	827.6064492071259	34.75885491206395	862.3653041191899	1145.2951637276237	348.63041239274446	382.26242517774165	0.4438037473851589	82.34749385374582	10.592349575602293	1.6496181441101119	1.1009640310378708	0.5793822847585091
LK-1118180	520.5434013680888	20.516158419449518	541.0595597875383	743.9446743956684	206.46042880512064	279.5588448482784	0.2164741017709105	23.805168159259157	8.239981938376593	1.180133006428512	0.740201767345694	0.3421687415088585
LK-1118230	307.06304783903715	14.242696492614431	321.30574433165157	401.3504893319555	142.16998358762385	102.70358032946325	0.22732964561424837	58.54232569448666	2.3523676372257007	0.4694851376815999	0.3607622636921768	0.2372135432496505
LK-1121	1455.755914531394	40.57516685927819	1496.3310813906721	1974.5217006155083	492.45623984971206	799.6932742092321	0.9939161910774196	135.09464777546418	22.255927259027708	2.9622600204660348	1.7344811961939284	0.5651680302204934
LK-1121205	1455.755914531394	40.57516685927819	1496.3310813906721	1974.5217006155083	492.45623984971206	799.6932742092321	0.9939161910774196	135.09464777546418	22.255927259027708	2.9622600204660348	1.7344811961939284	0.5651680302204934
LK-1124	1594.6747216892372	45.24526570451322	1639.9199873937505	2169.7313849262628	646.38270163047	856.3390154148475	4.265546935105624	60.1746799773829	22.607398756059805	3.168692008935606	1.1882595033508523	0.5484274630850088
LK-1124100	1594.6747216892372	45.24526570451322	1639.9199873937505	2169.7313849262628	646.38270163047	856.3390154148475	4.265546935105624	60.1746799773829	22.607398756059805	3.168692008935606	1.1882595033508523	0.5484274630850088
LK-1127	12394.772067937734	464.48823550655413	12859.260303444287	17856.134154218787	5917.574330870793	5153.544046419592	783.269809632711	382.79544501073235	106.94536753950106	21.725443414305587	19.750041510111313	9.167583539986238
LK-1127045	2056.257777876757	87.00474355833686	2143.2625214350933	2969.0654187916175	974.8641738859319	957.0521791417054	14.729149500033406	76.78568247110438	23.635146872146628	5.309344587221344	2.055230162795359	1.8268712558180968
LK-1127090	5033.668300354779	162.54244541165284	5196.2107457664315	7308.47061190154	2570.3880253099737	1777.2759226070737	556.9207051680626	91.46724699169745	17.81829486851249	8.71116638016166	6.13741267693208	4.949526352364581
LK-1127100	5304.8459897061975	214.94104653656444	5519.787036242762	7578.598123525628	2372.3221316748873	2419.215944670813	211.61995496461506	214.54251554793052	65.49192579884195	7.704932446922582	11.557398670383874	2.3911859318035598
LK-1130	3659.3307816820666	115.77800633978553	3775.108788021852	5029.567579415931	1540.8570176030216	1899.1958589060498	73.9414918729345	104.13654144466177	29.740304849261484	6.457375059013961	4.001753557698793	1.0004383894246982
LK-1130075	3659.3307816820666	115.77800633978553	3775.108788021852	5029.567579415931	1540.8570176030216	1899.1958589060498	73.9414918729345	104.13654144466177	29.740304849261484	6.457375059013961	4.001753557698793	1.0004383894246982
LK-1131	4399.473321047893	165.03394551127678	4564.50726655917	5968.894195129103	1584.4057964944611	2594.0898686993487	31.068739136808162	105.99335120306579	66.53305551483678	11.488440516826168	4.994974137750508	0.8990953447950915
LK-1131065	4399.473321047893	165.03394551127678	4564.50726655917	5968.894195129103	1584.4057964944611	2594.0898686993487	31.068739136808162	105.99335120306579	66.53305551483678	11.488440516826168	4.994974137750508	0.8990953447950915
LK-1133	2280.508260042786	82.22737699072974	2362.7356370335156	2978.299340385073	924.2588542904683	1268.5726764915617	2.922557642025196	46.97402543380081	30.199762300927027	4.718712859519848	1.8265985262657476	1.035072498217257
LK-1133210	2280.508260042786	82.22737699072974	2362.7356370335156	2978.299340385073	924.2588542904683	1268.5726764915617	2.922557642025196	46.97402543380081	30.199762300927027	4.718712859519848	1.8265985262657476	1.035072498217257
LK-1136	1116.5429022313565	39.251631108501336	1155.7945333398577	1485.2967149474782	396.0639516865662	660.5572926861095	0.441781659816011	36.26625807398708	18.983224049063743	2.208908299080055	1.4056689175963986	0.6158168591374699
LK-1136365	1116.5429022313565	39.251631108501336	1155.7945333398577	1485.2967149474782	396.0639516865662	660.5572926861095	0.441781659816011	36.26625807398708	18.983224049063743	2.208908299080055	1.4056689175963986	0.6158168591374699
LK-12	12087.643847190244	459.3520045892933	12546.995851779535	15924.943393338632	5157.599698373628	6769.116678967377			160.92746984923772			
LK-1203	774.7221041819103	34.42732312714583	809.1494273090561	1081.240663871222	384.04041199977485	386.80425789384816			3.877434288287274			
LK-1203195	774.7221041819103	34.42732312714583	809.1494273090561	1081.240663871222	384.04041199977485	386.80425789384816			3.877434288287274			
LK-1206	733.3163904838619	31.46890197412913	764.785292457991	951.3760321856706	306.1808376372478	420.5915926134919			6.543960233122122			
LK-1206395	733.3163904838619	31.46890197412913	764.785292457991	951.3760321856706	306.1808376372478	420.5915926134919			6.543960233122122			
LK-1209	580.5077951629834	20.65593496164061	601.163730124624	714.836269875376	270.1681331764673	305.49089448878806			4.8487674977280255			
LK-1209615	580.5077951629834	20.65593496164061	601.163730124624	714.836269875376	270.1681331764673	305.49089448878806			4.8487674977280255			
LK-1212	402.6657917122372	15.960025519504192	418.6258172317414	521.2501215214485	177.67546481954065	218.58067808968283			6.409648803013732			
LK-1212745	402.6657917122372	15.960025519504192	418.6258172317414	521.2501215214485	177.67546481954065	218.58067808968283			6.409648803013732			
LK-1215	576.6315447118	18.796059013856254	595.4276037256561	732.7176991100818	241.97461462112585	327.72341881108724			6.933511279586835			
LK-1215605	576.6315447118	18.796059013856254	595.4276037256561	732.7176991100818	241.97461462112585	327.72341881108724			6.933511279586835			
LK-1218	1857.5741575274178	75.79050277738214	1933.3646603047998	2467.1871471300383	908.2743085030622	932.1914485116081			17.108400512747473			
LK-1218230	1857.5741575274178	75.79050277738214	1933.3646603047998	2467.1871471300383	908.2743085030622	932.1914485116081			17.108400512747473			
LK-1221	1194.8693734151775	41.64093568412225	1236.5103090992998	1578.44614208941	516.675279499407	662.4591084800095			15.734985435761036			
LK-1221285	1194.8693734151775	41.64093568412225	1236.5103090992998	1578.44614208941	516.675279499407	662.4591084800095			15.734985435761036			
LK-1224	983.8564606130514	31.67116412957145	1015.5276247426227	1294.9070102748562	349.89157016598625	616.68502076725			17.279869679815043			
LK-1224505	983.8564606130514	31.67116412957145	1015.5276247426227	1294.9070102748562	349.89157016598625	616.68502076725			17.279869679815043			
LK-1227	538.5167948380448	20.08010664456107	558.5969014826059	699.5839125783451	184.732414009421	347.32190526333477			6.462475565288988			
LK-1227755	538.5167948380448	20.08010664456107	558.5969014826059	699.5839125783451	184.732414009421	347.32190526333477			6.462475565288988			
LK-1230	666.6906918606538	24.671471705464107	691.3621635661179	851.118145514756	281.0282783026525	379.42839518197457			6.234018376026752			
LK-1230665	666.6906918606538	24.671471705464107	691.3621635661179	851.118145514756	281.0282783026525	379.42839518197457			6.234018376026752			
LK-1233	1209.032279023207	44.02592621112512	1253.058205234332	1608.3974405867687	478.3494768555505	711.8426572080353			18.840144959621142			
LK-1233460	1209.032279023207	44.02592621112512	1253.058205234332	1608.3974405867687	478.3494768555505	711.8426572080353			18.840144959621142			
LK-1236	1192.2737605487152	46.86224597528742	1239.1360065240026	1613.476827412461	485.0067060339743	680.1525713744821			27.114483140258773			
LK-1236185	1192.2737605487152	46.86224597528742	1239.1360065240026	1613.476827412461	485.0067060339743	680.1525713744821			27.114483140258773			
LK-1239	1376.9867031111826	53.30140686550366	1430.2881099766862	1810.4059811881984	573.6022027494172	779.8447302837849			23.539770077980545			
LK-1239245	1376.9867031111826	53.30140686550366	1430.2881099766862	1810.4059811881984	573.6022027494172	779.8447302837849			23.539770077980545			
LK-13	4230.292920181461	214.02687700906512	4444.319797190527	5583.833329150721	1852.1608895683562	2274.936997091485		49.1026921946605	51.259064466501954			
LK-1303	930.2761276539925	36.58786050259543	966.8639881565879	1240.1927552798757	355.79686299495904	544.3725240335064		16.105859865449844	13.43309034349643			
LK-1303360	930.2761276539925	36.58786050259543	966.8639881565879	1240.1927552798757	355.79686299495904	544.3725240335064		16.105859865449844	13.43309034349643			
LK-1310	574.4021045079517	24.899007533181873	599.3011120411336	730.0677747219897	258.3834509147435	303.4941528159751		7.2278369006337435	4.827932560086094			
LK-1310155	574.4021045079517	24.899007533181873	599.3011120411336	730.0677747219897	258.3834509147435	303.4941528159751		7.2278369006337435	4.827932560086094			
LK-1318	182.85513703106616	8.296926059866673	191.15206309093284	235.09132499673214	77.38463465644197	101.3695045967496		1.9175961831728463	2.099320291054856			
LK-1318220	182.85513703106616	8.296926059866673	191.15206309093284	235.09132499673214	77.38463465644197	101.3695045967496		1.9175961831728463	2.099320291054856			
LK-1321	766.3881872095906	36.44711767659753	802.8353048861882	1040.0724696639354	330.6832908511896	413.3119990338226		8.747789551299572	13.320224254867437			
LK-1321435	766.3881872095906	36.44711767659753	802.8353048861882	1040.0724696639354	330.6832908511896	413.3119990338226		8.747789551299572	13.320224254867437			
LK-1324	373.84119440622175	16.289060368917795	390.1302547751396	486.9238584218853	168.77324830725772	195.61971036982706		4.506349677818257	4.697985682158466			
LK-1324410	373.84119440622175	16.289060368917795	390.1302547751396	486.9238584218853	168.77324830725772	195.61971036982706		4.506349677818257	4.697985682158466			
LK-1330	313.3540682703827	21.52451702628644	334.87858529666914	427.5823430593614	141.5047574459882	162.81584346556878		3.5749693623232313	5.170366137449569			
LK-1330285	313.3540682703827	21.52451702628644	334.87858529666914	427.5823430593614	141.5047574459882	162.81584346556878		3.5749693623232313	5.170366137449569			
LK-1333	713.8224787905849	45.76029488149154	759.5827736720764	925.6306235704717	348.29727808709754	357.2264737240179		4.471928849360756	3.3136259670673143			
LK-1333055	713.8224787905849	45.76029488149154	759.5827736720764	925.6306235704717	348.29727808709754	357.2264737240179		4.471928849360756	3.3136259670673143			
LK-1339	375.3536223116716	24.222092960127814	399.5757152717994	498.272179436469	171.33736631067887	196.72678905201766		2.5503618046022476	4.396519230321785			
LK-1339300	375.3536223116716	24.222092960127814	399.5757152717994	498.272179436469	171.33736631067887	196.72678905201766		2.5503618046022476	4.396519230321785			
LK-2	45291.544005996126	1381.8351086299015	46673.37911462603	51580.88250066762	21372.63936379308	22648.436415309363	648.3644270257611	290.846367254748	316.4925340149931			
LK-21	9573.915398521374	520.1075519621168	10094.02295048349	12492.553118982916	5103.094618110486	4349.237003749763		63.83591253614822	49.98296552679498			
LK-2115	932.4255232640362	58.19934415217084	990.624867416207	1224.9779203790129	542.8031837788149	379.6702729458351		5.114552397114976	3.9637781077641066			
LK-2115070	932.4255232640362	58.19934415217084	990.624867416207	1224.9779203790129	542.8031837788149	379.6702729458351		5.114552397114976	3.9637781077641066			
LK-2121	279.7620321578165	17.218713687339548	296.98074584515604	342.1307931360627	145.15319551411972	132.9262261856506		0.600932306445075	0.7451560599918929			
LK-2121240	279.7620321578165	17.218713687339548	296.98074584515604	342.1307931360627	145.15319551411972	132.9262261856506		0.600932306445075	0.7451560599918929			
LK-2124	117.43618311105287	7.957040338172167	125.39322344922503	148.65157125536587	60.4122292492709	56.12732247599699		0.30638660418782976	0.4460628502146345			
LK-2124470	117.43618311105287	7.957040338172167	125.39322344922503	148.65157125536587	60.4122292492709	56.12732247599699		0.30638660418782976	0.4460628502146345			
LK-2127	1453.0867238529945	81.02478948611002	1534.1115133391045	1894.9614385771622	746.7995592980247	681.1208782560793		13.382072873219485	10.585818840009445			
LK-2127400	1453.0867238529945	81.02478948611002	1534.1115133391045	1894.9614385771622	746.7995592980247	681.1208782560793		13.382072873219485	10.585818840009445			
LK-2130	1208.4173391581326	46.197272072104134	1254.6146112302367	1599.401208260301	602.7165837730108	583.0038347583924		13.600936001352398	8.206471933305455			
LK-2130320	1208.4173391581326	46.197272072104134	1254.6146112302367	1599.401208260301	602.7165837730108	583.0038347583924		13.600936001352398	8.206471933305455			
LK-2133	1310.3728049907834	53.002635439688234	1363.3754404304716	1720.1050789558094	694.9862286949398	591.8967973855312		14.68384499733662	7.843502101152767			
LK-2133285	852.2917227388675	29.39417920340651	881.6859019422741	1127.4742402635225	465.216060417378	369.2927069315283		12.378331693012232	4.88159559724426			
LK-2133420	458.0810822519158	23.60845623628172	481.6895384881975	592.6308386922869	229.77016827756174	222.60409045400286		2.305513304324387	2.9619065039085064			
LK-2134	223.06588986810198	11.014609333412196	234.08049920151416	290.48358668007336	121.9092683503874	98.66363044892648		1.3701425445081918	0.9624415922399006			
LK-2134285	223.06588986810198	11.014609333412196	234.08049920151416	290.48358668007336	121.9092683503874	98.66363044892648		1.3701425445081918	0.9624415922399006			
LK-2136	416.7474699840606	19.493412055419846	436.2408820394805	536.9874654569119	198.44330217774717	212.16769313476755		2.6456657266545314	3.2152187650315485			
LK-2136475	416.7474699840606	19.493412055419846	436.2408820394805	536.9874654569119	198.44330217774717	212.16769313476755		2.6456657266545314	3.2152187650315485			
LK-2139	280.9405707587575	14.307217889184438	295.24778864794195	362.2896983905144	137.99624904197287	138.30949912086922		2.4548577611469273	1.988179072178892			
LK-2139620	280.9405707587575	14.307217889184438	295.24778864794195	362.2896983905144	137.99624904197287	138.30949912086922		2.4548577611469273	1.988179072178892			
LK-2148	420.6731727152587	29.108434143200842	449.78160685845955	561.6110602826066	246.83639998644574	171.2949408695063		1.1928772322184948	1.0256514520009488			
LK-2148145	420.6731727152587	29.108434143200842	449.78160685845955	561.6110602826066	246.83639998644574	171.2949408695063		1.1928772322184948	1.0256514520009488			
LK-2151	1816.8918857626659	110.43783166775019	1927.329717430416	2367.203211224166	990.0076652102264	813.5622363666602		5.527206204738219	6.164960766823398			
LK-2151225	1816.8918857626659	110.43783166775019	1927.329717430416	2367.203211224166	990.0076652102264	813.5622363666602		5.527206204738219	6.164960766823398			
LK-2157	1114.0958028977122	72.14625169756435	1186.2420545952766	1443.7500863849314	615.0307530355263	490.4936718015477		2.956437887225477	4.835723986081981			
LK-2157145	1114.0958028977122	72.14625169756435	1186.2420545952766	1443.7500863849314	615.0307530355263	490.4936718015477		2.956437887225477	4.835723986081981			
LK-22	1392.9957570777624	85.32503815237524	1478.3207952301377	1841.1306799036024	690.7158967909816	680.6628083050416	10.987032419480016		10.630019562259214			
LK-2212	455.7525492545648	26.81954244297988	482.5720916975447	593.4022441583825	210.54826569253052	236.93244838959242	4.125551877984795		4.14628329445708			
LK-2212220	455.7525492545648	26.81954244297988	482.5720916975447	593.4022441583825	210.54826569253052	236.93244838959242	4.125551877984795		4.14628329445708			
LK-2227	75.63014149391248	5.049982412544962	80.68012390645742	93.60213772679306	34.66317186914933	39.82889108259295	0.8429496998785898		0.29512884229158864			
LK-2227195	75.63014149391248	5.049982412544962	80.68012390645742	93.60213772679306	34.66317186914933	39.82889108259295	0.8429496998785898		0.29512884229158864			
LK-2233	861.613066329285	53.45551329685039	915.0685796261355	1154.126298018427	445.50445922930174	403.90146883285615	6.018530841616631		6.188607425510545			
LK-2233105	662.1090855057254	39.86143744717999	701.9705229529054	888.74333423108	340.20145434958255	312.3287610167445	4.455993387631527		5.122876751766858			
LK-2233365	199.50398082355963	13.594075849670405	213.09805667323005	265.38296378734697	105.30300487971921	91.57270781611163	1.562537453985104		1.0657306737436865			
LK-23	4372.632850396992	308.4025185154095	4681.0353689124	5695.198701781095	2553.8288488916123	1429.5366032545592	368.37739460628103	7.01045471859977	13.879548925938899			
LK-2303	1255.691796797786	73.48452263293142	1329.1763194307175	1606.0328523423602	748.1496738485866	454.15520853923704	45.38169598734928	2.536864993081637	5.468353429531528			
LK-2303480	1255.691796797786	73.48452263293142	1329.1763194307175	1606.0328523423602	748.1496738485866	454.15520853923704	45.38169598734928	2.536864993081637	5.468353429531528			
LK-2306	354.0905702150732	20.82934212904392	374.91991234411717	445.29109434303274	204.3600894632207	147.63600216880536	0.5607265497921562	0.46177480571118745	1.071977227543828			
LK-2306655	354.0905702150732	20.82934212904392	374.91991234411717	445.29109434303274	204.3600894632207	147.63600216880536	0.5607265497921562	0.46177480571118745	1.071977227543828			
LK-2309	765.8846873538125	46.499532200218304	812.3842195540309	977.4676438484329	411.68454701387805	332.8510057695306	18.4477623577109	1.241228754093248	1.6601434585997192			
LK-2309625	765.8846873538125	46.499532200218304	812.3842195540309	977.4676438484329	411.68454701387805	332.8510057695306	18.4477623577109	1.241228754093248	1.6601434585997192			
LK-2315	1996.9657960303196	167.58912155321588	2164.5549175835354	2666.407111247269	1189.6345385659272	494.8943867769861	303.9872097114287	2.7705861657136976	5.679074810263824			
LK-2315335	1996.9657960303196	167.58912155321588	2164.5549175835354	2666.407111247269	1189.6345385659272	494.8943867769861	303.9872097114287	2.7705861657136976	5.679074810263824			
LK-3	35496.25523520137	821.200856258431	36317.456091459804	40265.941754836254	11999.255661153999	22198.9657737066	7.492457480182715	353.24839462692097	918.9020875305425			
LK-31	4386.870738743885	188.45937518282304	4575.330113926708	5846.945330815092	1831.9624276781744	2450.362286417949		34.804570483176526	67.22415392651315			
LK-3106	532.7270731996678	23.207379285799025	555.9344524854669	739.7436232055996	239.45643018151617	284.324030134061		1.6648772096334084	7.079932376319848			
LK-3106255	532.7270731996678	23.207379285799025	555.9344524854669	739.7436232055996	239.45643018151617	284.324030134061		1.6648772096334084	7.079932376319848			
LK-3115	675.999190652902	30.02123244620855	706.0204230991105	891.0147834996512	273.87856349500186	387.6438872768914		2.5079772349603506	11.67078515278579			
LK-3115005	675.999190652902	30.02123244620855	706.0204230991105	891.0147834996512	273.87856349500186	387.6438872768914		2.5079772349603506	11.67078515278579			
LK-3124	329.5215030459693	14.91605261291365	344.43755565888296	403.64565092324784	141.71607467944423	182.70671216575116		1.6072630409255333	3.263395566203532			
LK-3124265	329.5215030459693	14.91605261291365	344.43755565888296	403.64565092324784	141.71607467944423	182.70671216575116		1.6072630409255333	3.263395566203532			
LK-3130	438.75435737489073	22.423078168337668	461.1774355432284	602.4825651043072	179.72522906571407	248.4136457332801		1.1921130165445344	9.13953312684143			
LK-3130100	438.75435737489073	22.423078168337668	461.1774355432284	602.4825651043072	179.72522906571407	248.4136457332801		1.1921130165445344	9.13953312684143			
LK-3134	203.10783551442807	8.500585884027815	211.6084213984559	264.50934676668675	83.27364616985162	115.246421726989		0.8118271915895526	3.6815419153479714			
LK-3134095	203.10783551442807	8.500585884027815	211.6084213984559	264.50934676668675	83.27364616985162	115.246421726989		0.8118271915895526	3.6815419153479714			
LK-3136	745.8408173828032	32.51140099489135	778.3522183776945	1009.8205840913229	311.26769095108926	415.43531768472104		5.184744999185301	13.587081747865009			
LK-3136485	745.8408173828032	32.51140099489135	778.3522183776945	1009.8205840913229	311.26769095108926	415.43531768472104		5.184744999185301	13.587081747865009			
LK-3139	483.90171893581265	15.302007882141348	499.203726817954	669.176876431218	214.58422195795538	251.94356701294362		10.607809413360329	6.604251638836746			
LK-3139250	483.90171893581265	15.302007882141348	499.203726817954	669.176876431218	214.58422195795538	251.94356701294362		10.607809413360329	6.604251638836746			
LK-3145	281.6547885751755	10.189732020888789	291.8445205960642	362.50197100861	115.96456087489365	157.95775406496134		3.9676832647708555	3.635164354797162			
LK-3145315	281.6547885751755	10.189732020888789	291.8445205960642	362.50197100861	115.96456087489365	157.95775406496134		3.9676832647708555	3.635164354797162			
LK-3148	367.84133676832977	18.49312734022466	386.3344641085544	468.03290715908724	150.32513521298043	211.3896054021186		2.449379140397478	3.179785259384901			
LK-3148220	367.84133676832977	18.49312734022466	386.3344641085544	468.03290715908724	150.32513521298043	211.3896054021186		2.449379140397478	3.179785259384901			
LK-3154	327.522117293906	12.894778547390207	340.4168958412962	436.0170226253624	121.7708750897277	195.30134521623208		4.81089597180919	5.382682788130774			
LK-3154295	327.522117293906	12.894778547390207	340.4168958412962	436.0170226253624	121.7708750897277	195.30134521623208		4.81089597180919	5.382682788130774			
LK-32	3879.880093229141	176.40515327866396	4056.285246507805	5257.65549709135	1453.8310329115857	2320.989553754756		14.2864081970353	90.77309836576354			
LK-3209	424.35963850439464	25.412584678541084	449.7722231829357	542.6388126583611	182.61956497221865	234.61233957128786		1.3583904122463402	5.76934354864176			
LK-3209090	424.35963850439464	25.412584678541084	449.7722231829357	542.6388126583611	182.61956497221865	234.61233957128786		1.3583904122463402	5.76934354864176			
LK-3224	653.7650909454328	30.866180291824907	684.6312712372577	860.6746951828903	253.93608834699182	379.0399260443734		2.851139316410154	17.937937237657405			
LK-3224145	653.7650909454328	30.866180291824907	684.6312712372577	860.6746951828903	253.93608834699182	379.0399260443734		2.851139316410154	17.937937237657405			
LK-3230	587.6963658293565	33.118936493785725	620.8153023231423	791.8274162252872	230.19057108395828	344.4145996119356		2.0217630709528556	11.069432062509833			
LK-3230170	587.6963658293565	33.118936493785725	620.8153023231423	791.8274162252872	230.19057108395828	344.4145996119356		2.0217630709528556	11.069432062509833			
LK-3236	572.9743597379393	26.714294222751636	599.6886539606909	795.7817153067301	185.1906789755807	372.4558070279928		2.6737343656938655	12.654139368671828			
LK-3236200	572.9743597379393	26.714294222751636	599.6886539606909	795.7817153067301	185.1906789755807	372.4558070279928		2.6737343656938655	12.654139368671828			
LK-3239	500.6757589582283	20.953490047302328	521.6292490055306	698.2604109139514	171.34998119112223	313.2659415243995		1.6402301886490425	14.419606054057516			
LK-3239240	500.6757589582283	20.953490047302328	521.6292490055306	698.2604109139514	171.34998119112223	313.2659415243995		1.6402301886490425	14.419606054057516			
LK-3242	519.5219204697552	15.981071629031563	535.5029920987868	719.3538620957645	185.22179525927206	319.5137170243081		2.4089115323172576	12.37749665385778			
LK-3242330	519.5219204697552	15.981071629031563	535.5029920987868	719.3538620957645	185.22179525927206	319.5137170243081		2.4089115323172576	12.37749665385778			
LK-3248	620.8869587840339	23.35859591542672	644.2455546994606	849.1185847083663	245.32235308244194	357.68722295045876		1.3322393107657824	16.545143440367433			
LK-3248240	620.8869587840339	23.35859591542672	644.2455546994606	849.1185847083663	245.32235308244194	357.68722295045876		1.3322393107657824	16.545143440367433			
LK-33	1838.504403228348	101.33632779694402	1939.8407310252921	2493.3409269298136	712.46220056424	980.6139335338984	7.492457480182715	15.157415946709163	115.90483523826589			
LK-3315	661.511563697636	34.84669801601656	696.3582617136526	903.0763922911735	254.4587841519421	353.36888447291426	2.666839133878818	4.690250413234493	43.6091694559041			
LK-3315270	661.511563697636	34.84669801601656	696.3582617136526	903.0763922911735	254.4587841519421	353.36888447291426	2.666839133878818	4.690250413234493	43.6091694559041			
LK-3325	340.2196140212682	23.83183930681371	364.05145332808195	463.8183851910201	139.82443481685704	178.47596691610872	1.8872942103190233	1.8239621898385192	16.966648286727057			
LK-3325265	340.2196140212682	23.83183930681371	364.05145332808195	463.8183851910201	139.82443481685704	178.47596691610872	1.8872942103190233	1.8239621898385192	16.966648286727057			
LK-3333	836.7732255094438	42.657790474113746	879.4310159835577	1126.4461494476202	318.17898159544086	448.76908214487537	2.9383241359848737	8.643203343636152	55.32901749563473			
LK-3333295	460.629603816052	24.500850427131823	485.1304542431838	612.0825297969205	173.08689702798097	250.3035321499821	1.7397948744181289	3.350996214640135	30.665775743004758			
LK-3333360	376.1436216933919	18.156940046981923	394.30056174037384	514.3636196506997	145.09208456745992	198.46554999489328	1.1985292615667449	5.292207128996017	24.66324175262997			
LK-4	1067.9089363404985	39.791975092398715	1107.700911432897	14120.519188992845	165.67331332818966	214.4659072669558	38.26289656909439			0.2724327751530927		
LK-41	146.41329089307965	3.318878928782894	149.73216982186256	11690.035453653569			5.165977510357074					
LK-4109	15.42463192789391	0.7224417667702165	16.14707369466413	4576.316618912485			1.4956296618388798					
LK-4109105	7.755532657674976	0.3421558525444843	8.097688510219461	747.0276056164741			0.544914876274549					
LK-4109140	7.6690992702189344	0.38028591422573227	8.049385184444667	3829.289013296011			0.9507147855643306					
LK-4115	0.09498066690100726	0.007915055575083938	0.10289572247609119	462.0967745845505			0.0633204446006715					
LK-4115150	0.09498066690100726	0.007915055575083938	0.10289572247609119	462.0967745845505			0.0633204446006715					
LK-4118	1.7389378806966505	0.09152304635245528	1.8304609270491057	1723.562008909438			0.5186305959972466					
LK-4118155	1.7389378806966505	0.09152304635245528	1.8304609270491057	1723.562008909438			0.5186305959972466					
LK-4127	0.8139221846408949	0.020348207190502565	0.8342703918313975	1616.6405363564945			0.6460548154260555					
LK-4127065	0.12208314016380775	0.0	0.12208314016380775	795.8752511203832			0.015260392520475969					
LK-4127175	0.6918390444770872	0.020348207190502565	0.7121872516675898	820.7652852361115			0.6307944229055795					
LK-4130	0.47878787878787876	0.01818181818181818	0.49696969696969695	313.43636363636364			0.012121212121212121					
LK-4130300	0.47878787878787876	0.01818181818181818	0.49696969696969695	313.43636363636364			0.012121212121212121					
LK-4133	0.4243785037128349	0.022335710721728155	0.4467142144345631	1393.1229491356285			0.2010213964955534					
LK-4133200	0.4243785037128349	0.022335710721728155	0.4467142144345631	1393.1229491356285			0.2010213964955534					
LK-4136	50.01837951318057	0.1978966548493791	50.21627616802995	1237.9672614921471			0.6431641282604821					
LK-4136140	50.01837951318057	0.1978966548493791	50.21627616802995	1237.9672614921471			0.6431641282604821					
LK-4142	77.41927233726591	2.23823666914171	79.65750900640761	366.892940626461			1.5860352556169732					
LK-4142030	77.41927233726591	2.23823666914171	79.65750900640761	366.892940626461			1.5860352556169732					
LK-42	9.054203073214824	0.5664959325097921	9.620699005724616	27.692738776739983	1.2482374209099127	0.10602591141910214	0.04712262729737873			0.00819523952997891		
LK-4215	9.054203073214824	0.5664959325097921	9.620699005724616	27.692738776739983	1.2482374209099127	0.10602591141910214	0.04712262729737873			0.00819523952997891		
LK-4215100	9.054203073214824	0.5664959325097921	9.620699005724616	27.692738776739983	1.2482374209099127	0.10602591141910214	0.04712262729737873			0.00819523952997891		
LK-43	8.404010228989886	0.4751249564105544	8.879135185400441	198.40077879809368	3.036998721376264	1.2999418807392769	0.015203998605137742			0.007601999302568871		
LK-4312	8.404010228989886	0.4751249564105544	8.879135185400441	198.40077879809368	3.036998721376264	1.2999418807392769	0.015203998605137742			0.007601999302568871		
LK-4312100	8.404010228989886	0.4751249564105544	8.879135185400441	198.40077879809368	3.036998721376264	1.2999418807392769	0.015203998605137742			0.007601999302568871		
LK-44	214.16235505949473	17.431475274695476	231.59383033419022	714.9668629939366	44.388077185903484	48.05993947479743	4.955039970496675			0.2566355363205449		
LK-4418	214.16235505949473	17.431475274695476	231.59383033419022	714.9668629939366	44.388077185903484	48.05993947479743	4.955039970496675			0.2566355363205449		
LK-4418045	214.16235505949473	17.431475274695476	231.59383033419022	714.9668629939366	44.388077185903484	48.05993947479743	4.955039970496675			0.2566355363205449		
LK-45	0.8750770857193199	0.0	0.8750770857193199	742.4233547705048			0.07955246233812					
LK-4512	0.8750770857193199	0.0	0.8750770857193199	742.4233547705048			0.07955246233812					
LK-4512095	0.8750770857193199	0.0	0.8750770857193199	742.4233547705048			0.07955246233812					
LK-5	16846.417882484755	524.8690125250645	17371.28689500982	19369.32875426648	4718.083553095572	3407.353207332268	232.88620249134985		54.68266835112156			
LK-51	1412.1742011289348	140.77123232065628	1552.945433449591	2117.291328484078	154.55218540678405	169.6711017978227	14.46539448242147					
LK-5112	646.7870167527831	62.47450038640617	709.2615171391892	977.8155597141233	91.50091013022846	39.09137707493725	1.208327212574487					
LK-5112150	646.7870167527831	62.47450038640617	709.2615171391892	977.8155597141233	91.50091013022846	39.09137707493725	1.208327212574487					
LK-5127	193.2482496301455	14.35323885388378	207.6014884840293	306.3334748189876	33.681278151180855	18.32912310488208	1.2708983240131375					
LK-5127135	193.2482496301455	14.35323885388378	207.6014884840293	306.3334748189876	33.681278151180855	18.32912310488208	1.2708983240131375					
LK-5136	572.1389347460063	63.94349308036631	636.0824278263726	833.1422939509671	29.369997125374727	112.25060161800336	11.986168945833846					
LK-5136225	572.1389347460063	63.94349308036631	636.0824278263726	833.1422939509671	29.369997125374727	112.25060161800336	11.986168945833846					
LK-52	1735.4867456115642	88.09362508173845	1823.5803706933027	2308.118229301067	490.35721390893536	252.01593791461335	22.941413402035025		3.4796667484274058			
LK-5225	590.3473015167285	22.391156290734923	612.7384578074634	773.8038660913675	117.51507128926973	8.993421783899032	5.513090751088791		0.4003920657215323			
LK-5225085	590.3473015167285	22.391156290734923	612.7384578074634	773.8038660913675	117.51507128926973	8.993421783899032	5.513090751088791		0.4003920657215323			
LK-5236	354.55070918204115	20.090469588709965	374.64117877075114	479.13926806725675	90.99692510042301	8.19285663502897	3.1702392378514803		0.40549571646937543			
LK-5236125	354.55070918204115	20.090469588709965	374.64117877075114	479.13926806725675	90.99692510042301	8.19285663502897	3.1702392378514803		0.40549571646937543			
LK-5242	378.97110082021544	19.615819922352337	398.58692074256777	495.128217846337	186.038751685297	189.21599307393663	0.388869599722236		2.054822316714088			
LK-5242085	378.97110082021544	19.615819922352337	398.58692074256777	495.128217846337	186.038751685297	189.21599307393663	0.388869599722236		2.054822316714088			
LK-5251	411.61763409257895	25.99617927994122	437.6138133725202	560.0468772961058	95.80646583394562	45.61366642174871	13.86921381337252		0.6189566495224099			
LK-5251060	411.61763409257895	25.99617927994122	437.6138133725202	560.0468772961058	95.80646583394562	45.61366642174871	13.86921381337252		0.6189566495224099			
LK-53	637.7569357442562	37.00415512266976	674.7610908669259	983.9191964813365	212.17415377985208	146.66616761983204	2.4793946068933552		3.2030016026941532			
LK-5318	102.05163424008582	5.5479992849268545	107.59963352501266	177.5070538986384	14.995374370586658	13.55710157018145	0.925543008670262		0.5232473259243811			
LK-5318035	102.05163424008582	5.5479992849268545	107.59963352501266	177.5070538986384	14.995374370586658	13.55710157018145	0.925543008670262		0.5232473259243811			
LK-5327	267.2892936466079	14.29873496705566	281.58802861366354	400.8110101692901	89.11152791912109	5.538333543800745	1.2940031644394263		0.5564213607089533			
LK-5327210	267.2892936466079	14.29873496705566	281.58802861366354	400.8110101692901	89.11152791912109	5.538333543800745	1.2940031644394263		0.5564213607089533			
LK-5333	268.4160078575624	17.157420870687247	285.57342872824967	405.6011324134079	108.06725149014434	127.57073250584985	0.2598484337836667		2.123332916060819			
LK-5333050	268.4160078575624	17.157420870687247	285.57342872824967	405.6011324134079	108.06725149014434	127.57073250584985	0.2598484337836667		2.123332916060819			
LK-6	32033.61048488809	831.3420791021485	32865.097119710364	36277.64686712599	14079.646991160345	17428.91525310225		264.1908678212361	260.8573728042594			
LK-61	5757.2375227215125	247.05035858636168	6004.287881307875	7350.3741403706035	2745.850272827898	2947.076349024594		25.002600442792637	39.30830042622653			
LK-6127	648.764004225472	30.008293750800725	678.7722979762727	815.6203788921875	293.6293553028835	347.2888427793075		1.8161900895122984	6.029616053768639			
LK-6127100	316.1957687280355	13.015552233432214	329.2113209614677	390.47774394777827	134.10098385291516	178.1046155772798		1.2182869844947284	2.771882313345804			
LK-6127410	332.5682354974365	16.99274151736851	349.56097701480496	425.1426349444092	159.52837144996832	169.18422720202776		0.59790310501757	3.257733740422835			
LK-6133	280.2727781419367	15.58269516698908	295.85547330892575	371.6281954947321	144.82447361268765	132.67140961486194		1.0565476666293625	1.7203472477577577			
LK-6133210	280.2727781419367	15.58269516698908	295.85547330892575	371.6281954947321	144.82447361268765	132.67140961486194		1.0565476666293625	1.7203472477577577			
LK-6139	306.1723238252929	14.140596907587199	320.3129207328801	385.25802162514736	134.35659750967946	169.51376867949458		0.8012008395842218	1.5007567965346245			
LK-6139175	306.1723238252929	14.140596907587199	320.3129207328801	385.25802162514736	134.35659750967946	169.51376867949458		0.8012008395842218	1.5007567965346245			
LK-6148	372.5865938473354	15.634818876136025	388.2214127234714	471.34459401800575	179.08892989717114	190.58011904253956		1.2260848231428938	1.6914600844818024			
LK-6148195	372.5865938473354	15.634818876136025	388.2214127234714	471.34459401800575	179.08892989717114	190.58011904253956		1.2260848231428938	1.6914600844818024			
LK-6149	304.8686016263493	12.557403576329857	317.42600520267916	378.6230310726941	132.86679912332806	169.41541549742936		0.8833288953524098	1.703058110239446			
LK-6149180	304.8686016263493	12.557403576329857	317.42600520267916	378.6230310726941	132.86679912332806	169.41541549742936		0.8833288953524098	1.703058110239446			
LK-6154	514.687724423346	22.378726623020942	537.066451046367	679.8213481485345	253.34971352060998	254.85542137249274		2.6436092055956943	3.8389803246476606			
LK-6154270	514.687724423346	22.378726623020942	537.066451046367	679.8213481485345	253.34971352060998	254.85542137249274		2.6436092055956943	3.8389803246476606			
LK-6160	114.51737670082598	4.338417246461254	118.85579394728724	150.12855159886212	53.99497035336052	58.80140178908044		0.5051581725331596	1.2158463858518695			
LK-6160355	114.51737670082598	4.338417246461254	118.85579394728724	150.12855159886212	53.99497035336052	58.80140178908044		0.5051581725331596	1.2158463858518695			
LK-6163	374.6123948869401	23.28609915007778	397.8984940370179	509.83372410217106	178.49215456410488	189.9846698379061		1.2977094934283202	4.837860991500778			
LK-6163565	374.6123948869401	23.28609915007778	397.8984940370179	509.83372410217106	178.49215456410488	189.9846698379061		1.2977094934283202	4.837860991500778			
LK-6172	456.3312883435583	18.5272115574906	474.8584999010489	575.4573520680784	225.85909360775779	225.32713239659608		2.884227191767267	2.260835147437166			
LK-6172340	456.3312883435583	18.5272115574906	474.8584999010489	575.4573520680784	225.85909360775779	225.32713239659608		2.884227191767267	2.260835147437166			
LK-6175	373.59509513004014	10.853403735381393	384.4484988654215	460.2490923372316	177.01366730668528	193.6364723337406		1.3406702740443357	1.6042852155699074			
LK-6175215	373.59509513004014	10.853403735381393	384.4484988654215	460.2490923372316	177.01366730668528	193.6364723337406		1.3406702740443357	1.6042852155699074			
LK-6178	547.2387925135843	22.327510565506138	569.5663030790903	685.4695592674582	238.9792875830147	301.6161964177903		2.227756087744013	4.4155524250352185			
LK-6178435	547.2387925135843	22.327510565506138	569.5663030790903	685.4695592674582	238.9792875830147	301.6161964177903		2.227756087744013	4.4155524250352185			
LK-6184	342.7352308538842	12.486218798459307	355.22144965234355	428.389575308889	162.6557951077985	177.09589315191835		1.2653694162373068	1.7181731779300684			
LK-6184330	342.7352308538842	12.486218798459307	355.22144965234355	428.389575308889	162.6557951077985	177.09589315191835		1.2653694162373068	1.7181731779300684			
LK-6187	1120.8553182029466	44.92896263212142	1165.7842808350679	1438.550716436612	570.7394353388169	536.2896061114367		7.054748287221358	6.771528465471595			
LK-6187420	1120.8553182029466	44.92896263212142	1165.7842808350679	1438.550716436612	570.7394353388169	536.2896061114367		7.054748287221358	6.771528465471595			
LK-62	1774.3729621665768	83.29172051578688	1857.8092384024926	2440.2727267553855	806.7967183324483	951.8389040776522		5.188267378443479	10.549072378032879			
LK-6218	214.9170460200151	12.642179177647948	227.55922519766307	316.72867174109365	99.47986509150556	114.41945115096114		0.37359700694815606	0.6441327706002691			
LK-6218155	214.9170460200151	12.642179177647948	227.55922519766307	316.72867174109365	99.47986509150556	114.41945115096114		0.37359700694815606	0.6441327706002691			
LK-6227	470.7135791061407	23.683045481105026	494.54118030737453	642.5501759726053	203.71916402820997	262.44090989387286		1.0279517875827207	3.5255533964751122			
LK-6227090	470.7135791061407	23.683045481105026	494.54118030737453	642.5501759726053	203.71916402820997	262.44090989387286		1.0279517875827207	3.5255533964751122			
LK-6236	286.6802324031875	12.663934863143306	299.3441672663308	386.2755923349591	135.22459422723273	148.8186748754031		0.9813038032035393	1.6556594973481515			
LK-6236245	286.6802324031875	12.663934863143306	299.3441672663308	386.2755923349591	135.22459422723273	148.8186748754031		0.9813038032035393	1.6556594973481515			
LK-6242	281.8975296538689	10.627416690955018	292.52494634482395	379.67094141649665	124.41853686971729	154.8515937574521		0.9661287900868198	1.6612702366127023			
LK-6242235	281.8975296538689	10.627416690955018	292.52494634482395	379.67094141649665	124.41853686971729	154.8515937574521		0.9661287900868198	1.6612702366127023			
LK-6248	520.1645749833646	23.67514430293558	543.8397192863001	715.0473452902307	243.95455811578282	271.3082743999629		1.8392859906222436	3.0624564769966423			
LK-6248235	520.1645749833646	23.67514430293558	543.8397192863001	715.0473452902307	243.95455811578282	271.3082743999629		1.8392859906222436	3.0624564769966423			
LK-7	19246.62694604355	474.20684183179037	19720.83378787534	21708.351046045067	8036.210442517759	10872.629405439515		98.28908552288782	239.49801256338893			
LK-71	2716.3991620778984	118.16366565304355	2834.5628277309415	3511.4267376790276	1199.1567264294627	1480.1435204471506		10.289085522887813	26.809829678397023			
LK-7118	199.57640993248032	8.10769007520209	207.68410000768242	259.0745960341781	80.74720659661463	116.2798781060341		0.9890824662188117	1.5602427636127734			
LK-7118175	199.57640993248032	8.10769007520209	207.68410000768242	259.0745960341781	80.74720659661463	116.2798781060341		0.9890824662188117	1.5602427636127734			
LK-7127	769.7566411010621	29.06862394736601	798.8252650484282	973.4804959177503	336.49928984431557	427.5073077310755		1.367274193400592	4.382769332270391			
LK-7127195	769.7566411010621	29.06862394736601	798.8252650484282	973.4804959177503	336.49928984431557	427.5073077310755		1.367274193400592	4.382769332270391			
LK-7145	415.43052070263485	20.26388017565872	435.6944008782936	548.4840809284818	205.978356336261	203.94777289836887		1.2670169385194479	4.237374529485571			
LK-7145055	415.43052070263485	20.26388017565872	435.6944008782936	548.4840809284818	205.978356336261	203.94777289836887		1.2670169385194479	4.237374529485571			
LK-7148	621.0272357584663	25.157229265625535	646.1844650240919	831.1798516898473	267.2319311075419	338.6045176502751		3.8177903837610634	11.372996616888221			
LK-7148080	621.0272357584663	25.157229265625535	646.1844650240919	831.1798516898473	267.2319311075419	338.6045176502751		3.8177903837610634	11.372996616888221			
LK-7160	177.94496268656718	9.285774253731343	187.2307369402985	228.05373134328357	76.38423507462687	99.24622201492538		0.7048973880597015	1.609608208955224			
LK-7160105	177.94496268656718	9.285774253731343	187.2307369402985	228.05373134328357	76.38423507462687	99.24622201492538		0.7048973880597015	1.609608208955224			
LK-7163	234.7435597994092	11.66299249970336	246.40655229911258	294.1104061151461	92.60637493989147	139.30632560405178		1.048192996808783	1.7826662586571909			
LK-7163150	234.7435597994092	11.66299249970336	246.40655229911258	294.1104061151461	92.60637493989147	139.30632560405178		1.048192996808783	1.7826662586571909			
LK-7166	297.9198320972782	14.617475435756504	312.53730753303466	377.0435756503407	139.7093325302112	155.25149644241992		1.0948311561194142	1.8641719685276512			
LK-7166175	297.9198320972782	14.617475435756504	312.53730753303466	377.0435756503407	139.7093325302112	155.25149644241992		1.0948311561194142	1.8641719685276512			
LK-72	1749.2277839656522	70.0431761787468	1819.270960144399	2217.924308366039	840.0537160882966	889.4858849923637			19.688182884991896			
LK-7209	638.8090211414626	23.156399776529742	661.9654209179923	787.0327658364943	317.02620874866454	317.39648328383663			4.386329108961354			
LK-7209140	638.8090211414626	23.156399776529742	661.9654209179923	787.0327658364943	317.02620874866454	317.39648328383663			4.386329108961354			
LK-7215	673.5462812153764	30.13602781621285	703.6823090315894	884.0339124973832	328.8503142598937	337.12156318130064			7.5744037741821835			
LK-7215275	673.5462812153764	30.13602781621285	703.6823090315894	884.0339124973832	328.8503142598937	337.12156318130064			7.5744037741821835			
LK-7218	436.872481608813	16.750748586004214	453.6232301948172	546.8576300321615	194.1771930797383	234.96783852722638			7.727450001848361			
LK-7218140	436.872481608813	16.750748586004214	453.6232301948172	546.8576300321615	194.1771930797383	234.96783852722638			7.727450001848361			
LK-8	19079.128355128312	886.1897325480354	19965.318087676347	22193.010344451915	8242.257761257137	10224.358155572401	26.03566957974856	114.18287966608068	276.7757335664066			
LK-81	5081.353283746769	431.3423410247811	5512.69562477155	6721.915686595107	2698.2845250046757	2250.6691762832806	10.100939084704574	25.18287966608068	57.15436634773			
LK-8106	460.58950971003344	31.291261754870714	491.88077146490417	591.0628051556588	283.74262524137714	169.51886274078842	0.8728668540119628	2.4562067287313374	3.23772705150949			
LK-8106210	460.58950971003344	31.291261754870714	491.88077146490417	591.0628051556588	283.74262524137714	169.51886274078842	0.8728668540119628	2.4562067287313374	3.23772705150949			
LK-8115	656.1658838828118	65.61419720033656	721.7800810831485	869.0055228333206	342.89635125831865	302.3896274764782	2.0803335118182513	2.223804788495372	4.662816492006425			
LK-8115125	656.1658838828118	65.61419720033656	721.7800810831485	869.0055228333206	342.89635125831865	302.3896274764782	2.0803335118182513	2.223804788495372	4.662816492006425			
LK-8119	259.2967526313164	27.870367137227515	287.1671197685439	342.0338704045493	158.21344839626877	97.19893250860478	0.4780765201775827	0.4631366289220332	1.8151967875492592			
LK-8119140	259.2967526313164	27.870367137227515	287.1671197685439	342.0338704045493	158.21344839626877	97.19893250860478	0.4780765201775827	0.4631366289220332	1.8151967875492592			
LK-8121	768.0017856666933	51.36630153780549	819.3680872044988	1061.773540150849	375.1569787585619	373.1150555688814	0.7955544894858879	6.841768609578636	9.016284214173396			
LK-8121145	768.0017856666933	51.36630153780549	819.3680872044988	1061.773540150849	375.1569787585619	373.1150555688814	0.7955544894858879	6.841768609578636	9.016284214173396			
LK-8124	506.8234696526735	46.96778453793275	553.7912541906063	670.4757706764796	284.0458850221806	210.74372114548882	1.0440338183336908	2.3078642300007903	6.387838493752187			
LK-8124285	506.8234696526735	46.96778453793275	553.7912541906063	670.4757706764796	284.0458850221806	210.74372114548882	1.0440338183336908	2.3078642300007903	6.387838493752187			
LK-8127	1061.2395446037078	88.5272058257904	1149.7667504294982	1347.9876022462115	552.3296751198749	480.3065719633837	2.202453909074592	6.03529577681479	14.873714710633607			
LK-8127340	1061.2395446037078	88.5272058257904	1149.7667504294982	1347.9876022462115	552.3296751198749	480.3065719633837	2.202453909074592	6.03529577681479	14.873714710633607			
LK-8136	234.08151206599027	17.96847754397694	252.0499896099672	311.4867323798596	119.86161379796356	107.89366930784313	0.6182701950615722	0.9494863709874145	2.186026761110559			
LK-8136160	234.08151206599027	17.96847754397694	252.0499896099672	311.4867323798596	119.86161379796356	107.89366930784313	0.6182701950615722	0.9494863709874145	2.186026761110559			
LK-8139	786.897005894827	64.00848232524659	850.9054882200736	1040.4869749615766	386.669422773876	364.8677457637011	1.2607731367094026	2.9870625085115075	11.870663994863913			
LK-8139070	786.897005894827	64.00848232524659	850.9054882200736	1040.4869749615766	386.669422773876	364.8677457637011	1.2607731367094026	2.9870625085115075	11.870663994863913			
LK-8142	348.2578196387151	37.72826316159415	385.98608280030925	487.6028677866029	195.368524636255	144.63498980811133	0.74857665003163	0.9182540240387994	3.104097842131159			
LK-8142195	348.2578196387151	37.72826316159415	385.98608280030925	487.6028677866029	195.368524636255	144.63498980811133	0.74857665003163	0.9182540240387994	3.104097842131159			
LK-82	1746.7750713815437	187.84739152325426	1934.6224629047979	2312.0946578568073	757.9732362524612	876.68897928912	0.934730495043986		22.621367218676575			
LK-8209	237.68600625418807	25.39144516417244	263.0774514183605	311.88545156726974	113.62365051001414	113.7463144963145	0.17172958082048992		2.588210110937384			
LK-8209175	237.68600625418807	25.39144516417244	263.0774514183605	311.88545156726974	113.62365051001414	113.7463144963145	0.17172958082048992		2.588210110937384			
LK-8218	553.0044827130159	59.45012981769837	612.4546125307143	716.6708686300578	226.25192986363922	306.3890980976313	0.4128481237340164		4.80912273863138			
LK-8218205	553.0044827130159	59.45012981769837	612.4546125307143	716.6708686300578	226.25192986363922	306.3890980976313	0.4128481237340164		4.80912273863138			
LK-8233	956.0845824143397	103.00581654138347	1059.0903989557232	1283.5383376594798	418.09765587880787	456.5535666951742	0.35015279048947967		15.224034369107812			
LK-8233070	956.0845824143397	103.00581654138347	1059.0903989557232	1283.5383376594798	418.09765587880787	456.5535666951742	0.35015279048947967		15.224034369107812			
LK-9	32758.466376045348	897.3922063783995	33655.815089921714	37425.11383168509	15052.752056333547	17274.358042140157	20.2756455959304	104.65831552351167	300.9258755900162			
LK-91	6229.194053624812	319.9569796434705	6549.107540766254	7688.793472393683	2967.1228961776524	3178.5184517372677	20.2756455959304	28.658315523511675	30.122303728270182			
LK-9109	1726.9187376974032	85.1240101746407	1812.042747872044	2179.5033481039395	762.981385440916	934.7511077954646	4.565106015801253	16.373513576673826	6.969395184123246			
LK-9109070	1726.9187376974032	85.1240101746407	1812.042747872044	2179.5033481039395	762.981385440916	934.7511077954646	4.565106015801253	16.373513576673826	6.969395184123246			
LK-9112	1080.8080875083713	52.72820741780144	1133.5362949261728	1337.7038874892366	506.5977485091048	561.4889179449565	3.268475938386963	3.893331632490353	4.854648084957106			
LK-9112260	1080.8080875083713	52.72820741780144	1133.5362949261728	1337.7038874892366	506.5977485091048	561.4889179449565	3.268475938386963	3.893331632490353	4.854648084957106			
LK-9118	427.65452370441045	28.052663808940597	455.6636950113217	530.1446047366097	217.165311382959	205.0816445691337	1.4787450689984192	0.9640837949842634	2.7037838761588744			
LK-9118265	427.65452370441045	28.052663808940597	455.6636950113217	530.1446047366097	217.165311382959	205.0816445691337	1.4787450689984192	0.9640837949842634	2.7037838761588744			
LK-9124	1312.2259528946422	71.15439590075512	1383.3803487953974	1584.746449119022	700.2869471413161	596.5096188421431	4.592412801150665	3.388304566702625	6.49658396260338			
LK-9124185	1312.2259528946422	71.15439590075512	1383.3803487953974	1584.746449119022	700.2869471413161	596.5096188421431	4.592412801150665	3.388304566702625	6.49658396260338			
LK-9133	446.34077646385236	21.123604413027678	467.46438087688	532.7555217898747	217.5632776199599	225.41692541454714	1.4279359626522208	0.6770386029816564	0.9232344586113497			
LK-9133165	446.34077646385236	21.123604413027678	467.46438087688	532.7555217898747	217.5632776199599	225.41692541454714	1.4279359626522208	0.6770386029816564	0.9232344586113497			
LK-9139	211.63551672260155	10.5763221849323	222.21183890753383	251.5750491841222	104.63111908343942	104.96586043282028	0.8349728040736025	0.4814257609073024	0.5265594259923619			
LK-9139105	211.63551672260155	10.5763221849323	222.21183890753383	251.5750491841222	104.63111908343942	104.96586043282028	0.8349728040736025	0.4814257609073024	0.5265594259923619			
LK-9145	339.6347630167339	17.91405486462895	357.5488178813629	414.9702400047747	185.64771447116138	150.76620983445116	1.0180469863248756	0.6013026059579675	1.410977402099389			
LK-9145150	339.6347630167339	17.91405486462895	357.5488178813629	414.9702400047747	185.64771447116138	150.76620983445116	1.0180469863248756	0.6013026059579675	1.410977402099389			
LK-9151	683.9756956167977	33.283720878743765	717.2594164955415	857.3943719661033	272.2493925287961	399.53816690375106	3.089950018542401	2.2793149828136845	6.237121333724476			
LK-9151145	683.9756956167977	33.283720878743765	717.2594164955415	857.3943719661033	272.2493925287961	399.53816690375106	3.089950018542401	2.2793149828136845	6.237121333724476			
LK-92	5606.272322420533	242.43522673492885	5848.707549155461	7271.320359291408	2832.6291601558955	2726.839590402891			46.80357186174602			
LK-9203	715.4671072502989	29.534245913325034	745.001353163624	946.5347171042298	340.32538752431464	366.26251374306804			8.879205982916309			
LK-9203445	715.4671072502989	29.534245913325034	745.001353163624	946.5347171042298	340.32538752431464	366.26251374306804			8.879205982916309			
LK-9209	307.67392820237086	12.833847213704223	320.50777541607505	402.2612976669551	165.5055490678742	139.28235976106663			2.8860193734300044			
LK-9209295	307.67392820237086	12.833847213704223	320.50777541607505	402.2612976669551	165.5055490678742	139.28235976106663			2.8860193734300044			
LK-9212	925.4450664722508	36.793270044225515	962.2383365164762	1204.6262470540205	426.62441861505323	487.788971901173			11.031675956024477			
LK-9212295	672.4367513876717	26.039326726443292	698.476078114115	880.7994674037619	293.59982246792066	370.1304298973011			8.706499022449943			
LK-9212305	253.008315084579	10.753943317782221	263.7622584023612	323.8267796502587	133.02459614713257	117.65854200387191			2.3251769335745345			
LK-9218	762.4436208604586	25.36026393999434	787.8038848004529	964.1298825360884	389.7783222473818	366.69979479196155			5.9655038211152			
LK-9218390	762.4436208604586	25.36026393999434	787.8038848004529	964.1298825360884	389.7783222473818	366.69979479196155			5.9655038211152			
LK-9224	617.0519018924772	25.302725732040297	642.3546276245175	800.1524338574523	305.6906835514547	306.9195461820921			4.441672158930421			
LK-9224035	617.0519018924772	25.302725732040297	642.3546276245175	800.1524338574523	305.6906835514547	306.9195461820921			4.441672158930421			
LK-9227	666.618740597464	39.73436492585429	706.3531055233183	874.7663872770255	368.42789598108743	295.10853212980874			3.0823124865678055			
LK-9227160	666.618740597464	39.73436492585429	706.3531055233183	874.7663872770255	368.42789598108743	295.10853212980874			3.0823124865678055			
LK-9230	1311.9789159361223	57.07244242234709	1369.0513583584693	1686.8044226093798	659.8291484661091	643.5141989568937			8.635568513119534			
LK-9230100	1311.9789159361223	57.07244242234709	1369.0513583584693	1686.8044226093798	659.8291484661091	643.5141989568937			8.635568513119534			
LK-9233	299.5930412090899	15.804066543438077	315.397107752528	392.04497118625636	176.44775470262041	121.26367293682722			1.8816135696422747			
LK-9233130	299.5930412090899	15.804066543438077	315.397107752528	392.04497118625636	176.44775470262041	121.26367293682722			1.8816135696422747			
