id	name	country_id	province_id	district_id	ed_id	pd_id	population	area	subs	supers	eqs	ints	centroid	centroid_altitude
EC-01A	Colombo North	LK	LK-1	LK-11	EC-01	EC-01A	121603	7.08	['LK-1103005', 'LK-1103010', 'LK-1103015', 'LK-1103020', 'LK-1103025', 'LK-1103030', 'LK-1103035', 'LK-1103040', 'LK-1103045']	['LK-1103']	[]	[]	[6.9626127635016895, 79.87028528726559]	13
EC-01B	Colombo Central	LK	LK-1	LK-11	EC-01	EC-01B	201620	12.77	['LK-1103050', 'LK-1103055', 'LK-1103060', 'LK-1103065', 'LK-1103070', 'LK-1103075', 'LK-1103080', 'LK-1103085', 'LK-1103090', 'LK-1103095', 'LK-1103100', 'LK-1103105', 'LK-1103110', 'LK-1103115', 'LK-1103120', 'LK-1103125', 'LK-1103130', 'LK-1103135', 'LK-1103140', 'LK-1103145', 'LK-1103150', 'LK-1103155', 'LK-1103160', 'LK-1103165', 'LK-1103170', 'LK-1103175']	['LK-1103']	[]	[]	[6.935324775677475, 79.8566677571678]	11
EC-01C	Borella	LK	LK-1	LK-11	EC-01	EC-01C	89806	7.61	['LK-1127015', 'LK-1127020', 'LK-1127025', 'LK-1127030', 'LK-1127035', 'LK-1127040', 'LK-1127045']	['LK-1127']	[]	[]	[6.917355020508647, 79.87297934103546]	13
EC-01D	Colombo East	LK	LK-1	LK-11	EC-01	EC-01D	93260	8.47	['LK-1127050', 'LK-1127055', 'LK-1127060', 'LK-1127075', 'LK-1127080', 'LK-1127095', 'LK-1127100']	['LK-1127']	[]	[]	[6.8912018520563505, 79.87629096782736]	13
EC-01E	Colombo West	LK	LK-1	LK-11	EC-01	EC-01E	54682	6.65	['LK-1127005', 'LK-1127010', 'LK-1127065', 'LK-1127070', 'LK-1127085', 'LK-1127090']	['LK-1127']	[]	[]	[6.891870340125711, 79.8583915383261]	14
EC-01F	Dehiwala	LK	LK-1	LK-11	EC-01	EC-01F	88962	8.54	['LK-1130005', 'LK-1130010', 'LK-1130015', 'LK-1130020', 'LK-1130025', 'LK-1130030', 'LK-1130035', 'LK-1130040', 'LK-1130045', 'LK-1130050', 'LK-1130055', 'LK-1130060', 'LK-1130065', 'LK-1130070', 'LK-1130075']	['LG-11301']	['LK-1130', 'MOH-11300']	[]	[6.858488190680094, 79.87561778973246]	21
EC-01G	Ratmalana	LK	LK-1	LK-11	EC-01	EC-01G	95506	13.35	['LK-1131005', 'LK-1131010', 'LK-1131015', 'LK-1131020', 'LK-1131025', 'LK-1131030', 'LK-1131035', 'LK-1131040', 'LK-1131045', 'LK-1131050', 'LK-1131055', 'LK-1131060', 'LK-1131065']	['LG-11301']	['LK-1131', 'MOH-11310']	[]	[6.827126053869761, 79.87842493421877]	10
EC-01H	Kolonnawa	LK	LK-1	LK-11	EC-01	EC-01H	191687	26.02	['LG-11061', 'LG-11062']	['EC-01', 'LK-11']	['LK-1106', 'MOH-11060']	[]	[6.934527787358537, 79.91578116166052]	10
EC-01I	Kotte	LK	LK-1	LK-11	EC-01	EC-01I	107883	16.56	['LK-1124040', 'LK-1124045', 'LK-1124050', 'LK-1124055', 'LK-1124060', 'MOH-11241']	['EC-01', 'LK-11']	['LG-11240', 'LK-1124']	['MOH-11212']	[6.89106447937001, 79.89873125770637]	5
EC-01J	Kaduwela	LK	LK-1	LK-11	EC-01	EC-01J	252041	88.44	['MOH-11091', 'MOH-11092']	['EC-01', 'LK-11']	['LG-11090', 'LK-1109']	[]	[6.903549932790641, 79.97822268137458]	11
EC-01K	Avissawella	LK	LK-1	LK-11	EC-01	EC-01K	179074	252.57	['LG-11151', 'LK-1115', 'LK-1118', 'MOH-11150', 'MOH-11180']	['EC-01', 'LK-11']	[]	['LG-11121']	[6.885699768899591, 80.13665452632627]	34
EC-01L	Homagama	LK	LK-1	LK-11	EC-01	EC-01L	237905	119.61	['MOH-11121', 'MOH-11122']	['LG-11121']	['LK-1112']	[]	[6.833318532714652, 80.01602720809592]	28
EC-01M	Maharagama	LK	LK-1	LK-11	EC-01	EC-01M	196423	37.58	['LK-1121005', 'LK-1121010', 'LK-1121015', 'LK-1121080', 'LK-1121085', 'LK-1121090', 'LK-1121095', 'MOH-11211']	['EC-01', 'LK-11']	['LG-11210', 'LK-1121']	['MOH-11212']	[6.856956689606919, 79.94263626104865]	30
EC-01N	Kesbewa	LK	LK-1	LK-11	EC-01	EC-01N	245232	61.89	['LG-11361', 'LG-11362', 'MOH-11361', 'MOH-11362']	['EC-01', 'LK-11']	['LK-1136']	[]	[6.803435292895654, 79.92835495053856]	14
EC-01O	Moratuwa	LK	LK-1	LK-11	EC-01	EC-01O	168280	19.3	['LK-1133005', 'LK-1133010', 'LK-1133015', 'LK-1133020', 'LK-1133025', 'LK-1133030', 'LK-1133035', 'LK-1133040', 'LK-1133045', 'LK-1133050', 'LK-1133055', 'LK-1133060', 'LK-1133065', 'LK-1133070', 'LK-1133075', 'LK-1133080', 'LK-1133085', 'LK-1133090', 'LK-1133095', 'LK-1133100', 'LK-1133105', 'LK-1133110', 'LK-1133115', 'LK-1133120', 'LK-1133125', 'LK-1133130', 'LK-1133135', 'LK-1133140', 'LK-1133145', 'LK-1133150', 'LK-1133155', 'LK-1133160', 'LK-1133165', 'LK-1133170', 'LK-1133175', 'LK-1133180', 'LK-1133185', 'LK-1133190', 'LK-1133195', 'LK-1133200', 'LK-1133205', 'LK-1133210']	['EC-01', 'LK-11']	['LG-11330', 'LK-1133', 'MOH-11330']	[]	[6.782516165399739, 79.89101305489943]	24
EC-01P	Postal Votes Colombo	LK	None	None	EC-01	EC-01P	0	0						
EC-02A	Wattala	LK	LK-1	LK-12	EC-02	EC-02A	175525	57.34	['LG-12182', 'MOH-12182']	['EC-02', 'LK-12']	['LK-1218']	['MOH-12181']	[7.035125948212447, 79.8810421897814]	1
EC-02B	Negombo	LK	LK-1	LK-12	EC-02	EC-02B	142136	28.01	['LK-1203005', 'LK-1203010', 'LK-1203015', 'LK-1203020', 'LK-1203025', 'LK-1203030', 'LK-1203035', 'LK-1203040', 'LK-1203045', 'LK-1203050', 'LK-1203055', 'LK-1203060', 'LK-1203065', 'LK-1203070', 'LK-1203075', 'LK-1203080', 'LK-1203085', 'LK-1203090', 'LK-1203095', 'LK-1203100', 'LK-1203105', 'LK-1203110', 'LK-1203115', 'LK-1203120', 'LK-1203125', 'LK-1203130', 'LK-1203135', 'LK-1203140', 'LK-1203145', 'LK-1203150', 'LK-1203155', 'LK-1203160', 'LK-1203165', 'LK-1203170', 'LK-1203175', 'LK-1203180', 'LK-1203185', 'LK-1203190', 'LK-1203195']	['EC-02', 'LK-12']	['LG-12030', 'LK-1203', 'MOH-12030']	[]	[7.212874789862919, 79.8446865179599]	10
EC-02C	Katana	LK	LK-1	LK-12	EC-02	EC-02C	235291	107.94	['LG-12061', 'MOH-12062']	['EC-02', 'LK-12']	['LK-1206']	[]	[7.194243835706533, 79.88958930662155]	17
EC-02D	Divulapitiya	LK	LK-1	LK-12	EC-02	EC-02D	144506	206.6	['LK-1209005', 'LK-1209010', 'LK-1209015', 'LK-1209020', 'LK-1209025', 'LK-1209030', 'LK-1209035', 'LK-1209040', 'LK-1209045', 'LK-1209050', 'LK-1209055', 'LK-1209060', 'LK-1209065', 'LK-1209070', 'LK-1209075', 'LK-1209080', 'LK-1209085', 'LK-1209090', 'LK-1209095', 'LK-1209100', 'LK-1209105', 'LK-1209110', 'LK-1209115', 'LK-1209120', 'LK-1209125', 'LK-1209130', 'LK-1209135', 'LK-1209140', 'LK-1209145', 'LK-1209150', 'LK-1209155', 'LK-1209160', 'LK-1209165', 'LK-1209170', 'LK-1209175', 'LK-1209180', 'LK-1209185', 'LK-1209190', 'LK-1209195', 'LK-1209200', 'LK-1209205', 'LK-1209210', 'LK-1209215', 'LK-1209220', 'LK-1209225', 'LK-1209230', 'LK-1209235', 'LK-1209240', 'LK-1209245', 'LK-1209250', 'LK-1209255', 'LK-1209260', 'LK-1209265', 'LK-1209270', 'LK-1209275', 'LK-1209280', 'LK-1209285', 'LK-1209290', 'LK-1209295', 'LK-1209300', 'LK-1209305', 'LK-1209310', 'LK-1209315', 'LK-1209320', 'LK-1209325', 'LK-1209330', 'LK-1209335', 'LK-1209340', 'LK-1209345', 'LK-1209350', 'LK-1209355', 'LK-1209360', 'LK-1209365', 'LK-1209370', 'LK-1209375', 'LK-1209380', 'LK-1209385', 'LK-1209390', 'LK-1209395', 'LK-1209400', 'LK-1209405', 'LK-1209410', 'LK-1209415', 'LK-1209420', 'LK-1209425', 'LK-1209430', 'LK-1209435', 'LK-1209440', 'LK-1209445', 'LK-1209450', 'LK-1209455', 'LK-1209460', 'LK-1209465', 'LK-1209470', 'LK-1209475', 'LK-1209480', 'LK-1209485', 'LK-1209490', 'LK-1209495', 'LK-1209500', 'LK-1209505', 'LK-1209510', 'LK-1209515', 'LK-1209520', 'LK-1209525', 'LK-1209530', 'LK-1209535', 'LK-1209540', 'LK-1209545', 'LK-1209550', 'LK-1209555', 'LK-1209560', 'LK-1209565', 'LK-1209570', 'LK-1209575', 'LK-1209580', 'LK-1209585', 'LK-1209590', 'LK-1209595', 'LK-1209600', 'LK-1209605', 'LK-1209610', 'LK-1209615']	['EC-02', 'LK-12']	['LG-12090', 'LK-1209', 'MOH-12090']	[]	[7.254016753729893, 80.00747218087442]	26
EC-02E	Mirigama	LK	LK-1	LK-12	EC-02	EC-02E	164580	188.71	['LK-1212005', 'LK-1212010', 'LK-1212015', 'LK-1212020', 'LK-1212025', 'LK-1212030', 'LK-1212035', 'LK-1212040', 'LK-1212045', 'LK-1212050', 'LK-1212055', 'LK-1212060', 'LK-1212065', 'LK-1212070', 'LK-1212075', 'LK-1212080', 'LK-1212085', 'LK-1212090', 'LK-1212095', 'LK-1212100', 'LK-1212105', 'LK-1212110', 'LK-1212115', 'LK-1212120', 'LK-1212125', 'LK-1212130', 'LK-1212135', 'LK-1212140', 'LK-1212145', 'LK-1212150', 'LK-1212155', 'LK-1212160', 'LK-1212165', 'LK-1212170', 'LK-1212175', 'LK-1212180', 'LK-1212185', 'LK-1212190', 'LK-1212195', 'LK-1212200', 'LK-1212205', 'LK-1212210', 'LK-1212215', 'LK-1212220', 'LK-1212225', 'LK-1212230', 'LK-1212235', 'LK-1212240', 'LK-1212245', 'LK-1212250', 'LK-1212255', 'LK-1212260', 'LK-1212265', 'LK-1212270', 'LK-1212275', 'LK-1212280', 'LK-1212285', 'LK-1212290', 'LK-1212295', 'LK-1212300', 'LK-1212305', 'LK-1212310', 'LK-1212315', 'LK-1212320', 'LK-1212325', 'LK-1212330', 'LK-1212335', 'LK-1212340', 'LK-1212345', 'LK-1212350', 'LK-1212355', 'LK-1212360', 'LK-1212365', 'LK-1212370', 'LK-1212375', 'LK-1212380', 'LK-1212385', 'LK-1212390', 'LK-1212395', 'LK-1212400', 'LK-1212405', 'LK-1212410', 'LK-1212415', 'LK-1212420', 'LK-1212425', 'LK-1212430', 'LK-1212435', 'LK-1212440', 'LK-1212445', 'LK-1212450', 'LK-1212455', 'LK-1212460', 'LK-1212465', 'LK-1212470', 'LK-1212475', 'LK-1212480', 'LK-1212485', 'LK-1212490', 'LK-1212495', 'LK-1212500', 'LK-1212505', 'LK-1212510', 'LK-1212515', 'LK-1212520', 'LK-1212525', 'LK-1212530', 'LK-1212535', 'LK-1212540', 'LK-1212545', 'LK-1212550', 'LK-1212555', 'LK-1212560', 'LK-1212565', 'LK-1212570', 'LK-1212575', 'LK-1212580', 'LK-1212585', 'LK-1212590', 'LK-1212595', 'LK-1212600', 'LK-1212605', 'LK-1212610', 'LK-1212615', 'LK-1212620', 'LK-1212625', 'LK-1212630', 'LK-1212635', 'LK-1212640', 'LK-1212645', 'LK-1212650', 'LK-1212655', 'LK-1212660', 'LK-1212665', 'LK-1212670', 'LK-1212675', 'LK-1212680', 'LK-1212685', 'LK-1212690', 'LK-1212695', 'LK-1212700', 'LK-1212705', 'LK-1212710', 'LK-1212715', 'LK-1212720', 'LK-1212725', 'LK-1212730', 'LK-1212735', 'LK-1212740', 'LK-1212745']	['EC-02', 'LK-12']	['LG-12120', 'LK-1212', 'MOH-12120']	[]	[7.224808068682941, 80.12379337279562]	105
EC-02F	Minuwangoda	LK	LK-1	LK-12	EC-02	EC-02F	178331	134.53	['LG-12151', 'LG-12152']	['EC-02', 'LK-12']	['LK-1215', 'MOH-12150']	[]	[7.1549553353924, 79.97869371258021]	9
EC-02G	Attanagalla	LK	LK-1	LK-12	EC-02	EC-02G	179565	155.18	['LK-1227005', 'LK-1227010', 'LK-1227015', 'LK-1227020', 'LK-1227025', 'LK-1227030', 'LK-1227035', 'LK-1227040', 'LK-1227045', 'LK-1227050', 'LK-1227055', 'LK-1227060', 'LK-1227065', 'LK-1227070', 'LK-1227075', 'LK-1227080', 'LK-1227085', 'LK-1227090', 'LK-1227095', 'LK-1227100', 'LK-1227105', 'LK-1227110', 'LK-1227115', 'LK-1227120', 'LK-1227125', 'LK-1227130', 'LK-1227135', 'LK-1227140', 'LK-1227145', 'LK-1227150', 'LK-1227155', 'LK-1227160', 'LK-1227165', 'LK-1227170', 'LK-1227175', 'LK-1227180', 'LK-1227185', 'LK-1227190', 'LK-1227195', 'LK-1227200', 'LK-1227205', 'LK-1227210', 'LK-1227215', 'LK-1227220', 'LK-1227225', 'LK-1227230', 'LK-1227235', 'LK-1227240', 'LK-1227245', 'LK-1227250', 'LK-1227255', 'LK-1227260', 'LK-1227265', 'LK-1227270', 'LK-1227275', 'LK-1227280', 'LK-1227285', 'LK-1227290', 'LK-1227295', 'LK-1227300', 'LK-1227305', 'LK-1227310', 'LK-1227315', 'LK-1227320', 'LK-1227325', 'LK-1227330', 'LK-1227335', 'LK-1227340', 'LK-1227345', 'LK-1227350', 'LK-1227355', 'LK-1227360', 'LK-1227365', 'LK-1227370', 'LK-1227375', 'LK-1227380', 'LK-1227385', 'LK-1227390', 'LK-1227395', 'LK-1227400', 'LK-1227405', 'LK-1227410', 'LK-1227415', 'LK-1227420', 'LK-1227425', 'LK-1227430', 'LK-1227435', 'LK-1227440', 'LK-1227445', 'LK-1227450', 'LK-1227455', 'LK-1227460', 'LK-1227465', 'LK-1227470', 'LK-1227475', 'LK-1227480', 'LK-1227485', 'LK-1227490', 'LK-1227495', 'LK-1227500', 'LK-1227505', 'LK-1227510', 'LK-1227515', 'LK-1227520', 'LK-1227525', 'LK-1227530', 'LK-1227535', 'LK-1227540', 'LK-1227545', 'LK-1227550', 'LK-1227555', 'LK-1227560', 'LK-1227565', 'LK-1227570', 'LK-1227575', 'LK-1227580', 'LK-1227585', 'LK-1227590', 'LK-1227595', 'LK-1227600', 'LK-1227605', 'LK-1227610', 'LK-1227615', 'LK-1227620', 'LK-1227625', 'LK-1227630', 'LK-1227635', 'LK-1227640', 'LK-1227645', 'LK-1227650', 'LK-1227655', 'LK-1227660', 'LK-1227665', 'LK-1227670', 'LK-1227675', 'LK-1227680', 'LK-1227685', 'LK-1227690', 'LK-1227695', 'LK-1227700', 'LK-1227705', 'LK-1227710', 'LK-1227715', 'LK-1227720', 'LK-1227725', 'LK-1227730', 'LK-1227735', 'LK-1227740', 'LK-1227745', 'LK-1227750', 'LK-1227755']	['EC-02', 'LK-12']	['LG-12270', 'LK-1227', 'MOH-12270']	[]	[7.114598126462674, 80.10999683144603]	49
EC-02H	Gampaha	LK	LK-1	LK-12	EC-02	EC-02H	197667	91.62	['LG-12241', 'LG-12242']	['EC-02', 'LK-12']	['LK-1224', 'MOH-12240']	[]	[7.071005807926553, 79.99326239013746]	25
EC-02I	Ja Ela	LK	LK-1	LK-12	EC-02	EC-02I	201521	62.57	['LG-12211', 'MOH-12211']	['EC-02', 'LK-12']	['LK-1221']	['MOH-12181']	[7.0717657270875, 79.90886346605242]	15
EC-02J	Mahara	LK	LK-1	LK-12	EC-02	EC-02J	207782	97.63	['LK-1233005', 'LK-1233010', 'LK-1233015', 'LK-1233020', 'LK-1233025', 'LK-1233030', 'LK-1233035', 'LK-1233040', 'LK-1233045', 'LK-1233050', 'LK-1233055', 'LK-1233060', 'LK-1233065', 'LK-1233070', 'LK-1233075', 'LK-1233080', 'LK-1233085', 'LK-1233090', 'LK-1233095', 'LK-1233100', 'LK-1233105', 'LK-1233110', 'LK-1233115', 'LK-1233120', 'LK-1233125', 'LK-1233130', 'LK-1233135', 'LK-1233140', 'LK-1233145', 'LK-1233150', 'LK-1233155', 'LK-1233160', 'LK-1233165', 'LK-1233170', 'LK-1233175', 'LK-1233180', 'LK-1233185', 'LK-1233190', 'LK-1233195', 'LK-1233200', 'LK-1233205', 'LK-1233210', 'LK-1233215', 'LK-1233220', 'LK-1233225', 'LK-1233230', 'LK-1233235', 'LK-1233240', 'LK-1233245', 'LK-1233250', 'LK-1233255', 'LK-1233260', 'LK-1233265', 'LK-1233270', 'LK-1233275', 'LK-1233280', 'LK-1233285', 'LK-1233290', 'LK-1233295', 'LK-1233300', 'LK-1233305', 'LK-1233310', 'LK-1233315', 'LK-1233320', 'LK-1233325', 'LK-1233330', 'LK-1233335', 'LK-1233340', 'LK-1233345', 'LK-1233350', 'LK-1233355', 'LK-1233360', 'LK-1233365', 'LK-1233370', 'LK-1233375', 'LK-1233380', 'LK-1233385', 'LK-1233390', 'LK-1233395', 'LK-1233400', 'LK-1233405', 'LK-1233410', 'LK-1233415', 'LK-1233420', 'LK-1233425', 'LK-1233430', 'LK-1233435', 'LK-1233440', 'LK-1233445', 'LK-1233450', 'LK-1233455', 'LK-1233460']	['EC-02', 'LK-12']	['LG-12330', 'LK-1233', 'MOH-12330']	[]	[7.029574267405534, 80.0154031231892]	39
EC-02K	Dompe	LK	LK-1	LK-12	EC-02	EC-02K	154005	180.11	['LK-1230005', 'LK-1230010', 'LK-1230015', 'LK-1230020', 'LK-1230025', 'LK-1230030', 'LK-1230035', 'LK-1230040', 'LK-1230045', 'LK-1230050', 'LK-1230055', 'LK-1230060', 'LK-1230065', 'LK-1230070', 'LK-1230075', 'LK-1230080', 'LK-1230085', 'LK-1230090', 'LK-1230095', 'LK-1230100', 'LK-1230105', 'LK-1230110', 'LK-1230115', 'LK-1230120', 'LK-1230125', 'LK-1230130', 'LK-1230135', 'LK-1230140', 'LK-1230145', 'LK-1230150', 'LK-1230155', 'LK-1230160', 'LK-1230165', 'LK-1230170', 'LK-1230175', 'LK-1230180', 'LK-1230185', 'LK-1230190', 'LK-1230195', 'LK-1230200', 'LK-1230205', 'LK-1230210', 'LK-1230215', 'LK-1230220', 'LK-1230225', 'LK-1230230', 'LK-1230235', 'LK-1230240', 'LK-1230245', 'LK-1230250', 'LK-1230255', 'LK-1230260', 'LK-1230265', 'LK-1230270', 'LK-1230275', 'LK-1230280', 'LK-1230285', 'LK-1230290', 'LK-1230295', 'LK-1230300', 'LK-1230305', 'LK-1230310', 'LK-1230315', 'LK-1230320', 'LK-1230325', 'LK-1230330', 'LK-1230335', 'LK-1230340', 'LK-1230345', 'LK-1230350', 'LK-1230355', 'LK-1230360', 'LK-1230365', 'LK-1230370', 'LK-1230375', 'LK-1230380', 'LK-1230385', 'LK-1230390', 'LK-1230395', 'LK-1230400', 'LK-1230405', 'LK-1230410', 'LK-1230415', 'LK-1230420', 'LK-1230425', 'LK-1230430', 'LK-1230435', 'LK-1230440', 'LK-1230445', 'LK-1230450', 'LK-1230455', 'LK-1230460', 'LK-1230465', 'LK-1230470', 'LK-1230475', 'LK-1230480', 'LK-1230485', 'LK-1230490', 'LK-1230495', 'LK-1230500', 'LK-1230505', 'LK-1230510', 'LK-1230515', 'LK-1230520', 'LK-1230525', 'LK-1230530', 'LK-1230535', 'LK-1230540', 'LK-1230545', 'LK-1230550', 'LK-1230555', 'LK-1230560', 'LK-1230565', 'LK-1230570', 'LK-1230575', 'LK-1230580', 'LK-1230585', 'LK-1230590', 'LK-1230595', 'LK-1230600', 'LK-1230605', 'LK-1230610', 'LK-1230615', 'LK-1230620', 'LK-1230625', 'LK-1230630', 'LK-1230635', 'LK-1230640', 'LK-1230645', 'LK-1230650', 'LK-1230655', 'LK-1230660', 'LK-1230665']	['EC-02', 'LK-12']	['LG-12300', 'LK-1230', 'MOH-12300']	[]	[6.9907219537184035, 80.09904029768813]	22
EC-02L	Biyagama	LK	LK-1	LK-12	EC-02	EC-02L	186585	61.18	['LK-1239005', 'LK-1239010', 'LK-1239015', 'LK-1239020', 'LK-1239025', 'LK-1239030', 'LK-1239035', 'LK-1239040', 'LK-1239045', 'LK-1239050', 'LK-1239055', 'LK-1239060', 'LK-1239065', 'LK-1239070', 'LK-1239075', 'LK-1239080', 'LK-1239085', 'LK-1239090', 'LK-1239095', 'LK-1239100', 'LK-1239105', 'LK-1239110', 'LK-1239115', 'LK-1239120', 'LK-1239125', 'LK-1239130', 'LK-1239135', 'LK-1239140', 'LK-1239145', 'LK-1239150', 'LK-1239155', 'LK-1239160', 'LK-1239165', 'LK-1239170', 'LK-1239175', 'LK-1239180', 'LK-1239185', 'LK-1239190', 'LK-1239195', 'LK-1239200', 'LK-1239205', 'LK-1239210', 'LK-1239215', 'LK-1239220', 'LK-1239225', 'LK-1239230', 'LK-1239235', 'LK-1239240', 'LK-1239245']	['EC-02', 'LK-12']	['LG-12390', 'LK-1239', 'MOH-12390']	[]	[6.968992941367569, 79.9780274578218]	33
EC-02M	Kelaniya	LK	LK-1	LK-12	EC-02	EC-02M	137339	21.87	['LG-12361', 'LG-12362']	['EC-02', 'LK-12']	['LK-1236', 'MOH-12360']	[]	[6.970149790211884, 79.90981006262805]	6
EC-02P	Postal Votes Gampaha	LK	None	None	EC-02	EC-02P	0	0						
EC-03A	Panadura	LK	LK-1	LK-13	EC-03	EC-03A	182285	46.01	['LG-13031', 'LG-13032']	['MOH-13031']	['LK-1303']	[]	[6.7156853218898, 79.92321225050313]	6
EC-03B	Bandaragama	LK	LK-1	LK-13	EC-03	EC-03B	161412	140.37	['LG-13060', 'LG-13180', 'LK-1306', 'LK-1318', 'MOH-13060']	['EC-03', 'LK-13']	[]	['MOH-13151']	[6.683382546609964, 80.00850443716838]	9
EC-03C	Horana	LK	LK-1	LK-13	EC-03	EC-03C	167260	208.15	['LG-13091', 'LK-1309', 'MOH-13090']	['EC-03', 'LK-13']	[]	[]	[6.7592589480162015, 80.09939738148405]	31
EC-03D	Bulathsinhala	LK	LK-1	LK-13	EC-03	EC-03D	98981	274.2	['LG-13120', 'LG-13150', 'LK-1312', 'LK-1315', 'MOH-13120']	['EC-03', 'LK-13']	[]	['MOH-13151']	[6.648731611932149, 80.156911082737]	17
EC-03E	Mathugama	LK	LK-1	LK-13	EC-03	EC-03E	145246	248.86	['LG-13270', 'LK-1327', 'MOH-13272']	['EC-03', 'LK-13']	[]	['MOH-13211']	[6.525159709559665, 80.07080225530285]	48
EC-03F	Kalutara	LK	LK-1	LK-13	EC-03	EC-03F	159697	77.54	['LG-13211', 'LG-13212']	['EC-03', 'LK-13']	['LK-1321']	['MOH-13031', 'MOH-13211']	[6.618385755606581, 79.9718172754317]	45
EC-03G	Beruwala	LK	LK-1	LK-13	EC-03	EC-03G	164969	72.61	['LG-13241', 'LG-13242']	['EC-03', 'LK-13']	['LK-1324', 'MOH-13240']	[]	[6.488876609223048, 80.00473320319749]	21
EC-03H	Agalawatta	LK	LK-1	LK-13	EC-03	EC-03H	142098	590.14	['LG-13330', 'LG-13360', 'LG-13390', 'LK-1333', 'LK-1336', 'LK-1339', 'MOH-13330', 'MOH-13360', 'MOH-13390']	['EC-03', 'LK-13']	[]	[]	[6.471447523896777, 80.2270725452186]	178
EC-03P	Postal Votes Kalutara	LK	None	None	EC-03	EC-03P	0	0						
EC-04A	Galagedara	LK	LK-2	LK-21	EC-04	EC-04A	67628	115.74	['LG-21031', 'LK-2103']	['EC-04', 'LK-21']	[]	[]	[7.3466867892240035, 80.49526594652819]	304
EC-04B	Harispattuwa	LK	LK-2	LK-21	EC-04	EC-04B	209488	139.67	['LG-21060', 'LG-21090', 'LK-2106', 'LK-2109', 'LK-2133', 'MOH-21060', 'MOH-21090', 'MOH-21330']	['EC-04', 'LK-21']	[]	['LG-21121']	[7.372449968415554, 80.58530907472048]	512
EC-04C	Pathadumbara	LK	LK-2	LK-21	EC-04	EC-04C	115019	141.88	['LG-21150', 'LK-2112', 'LK-2115', 'MOH-21120', 'MOH-21150']	['EC-04', 'LK-21']	[]	['LG-21121']	[7.388584014279778, 80.713095429934]	1286
EC-04D	Ududumbara	LK	LK-2	LK-21	EC-04	EC-04D	74388	529.83	['LG-21180', 'LG-21210', 'LK-2118', 'LK-2121', 'MOH-21180', 'MOH-21210']	['EC-04', 'LK-21']	[]	[]	[7.337912475443056, 80.91059691384434]	696
EC-04E	Teldeniya	LK	LK-2	LK-21	EC-04	EC-04E	61034	191.64	['LK-2124005', 'LK-2124010', 'LK-2124015', 'LK-2124020', 'LK-2124025', 'LK-2124030', 'LK-2124035', 'LK-2124040', 'LK-2124045', 'LK-2124050', 'LK-2124055', 'LK-2124060', 'LK-2124065', 'LK-2124070', 'LK-2124075', 'LK-2124080', 'LK-2124085', 'LK-2124090', 'LK-2124095', 'LK-2124100', 'LK-2124105', 'LK-2124110', 'LK-2124115', 'LK-2124120', 'LK-2124125', 'LK-2124130', 'LK-2124135', 'LK-2124140', 'LK-2124145', 'LK-2124150', 'LK-2124155', 'LK-2124160', 'LK-2124165', 'LK-2124170', 'LK-2124175', 'LK-2124180', 'LK-2124185', 'LK-2124190', 'LK-2124195', 'LK-2124200', 'LK-2124205', 'LK-2124210', 'LK-2124215', 'LK-2124220', 'LK-2124225', 'LK-2124230', 'LK-2124235', 'LK-2124240', 'LK-2124245', 'LK-2124250', 'LK-2124255', 'LK-2124260', 'LK-2124265', 'LK-2124270', 'LK-2124275', 'LK-2124280', 'LK-2124285', 'LK-2124290', 'LK-2124295', 'LK-2124300', 'LK-2124305', 'LK-2124310', 'LK-2124315', 'LK-2124320', 'LK-2124325', 'LK-2124330', 'LK-2124335', 'LK-2124340', 'LK-2124345', 'LK-2124350', 'LK-2124355', 'LK-2124360', 'LK-2124365', 'LK-2124370', 'LK-2124375', 'LK-2124380', 'LK-2124385', 'LK-2124390', 'LK-2124395', 'LK-2124400', 'LK-2124405', 'LK-2124410', 'LK-2124415', 'LK-2124425', 'LK-2124430', 'LK-2124435', 'LK-2124440', 'LK-2124445', 'LK-2124450', 'LK-2124455', 'LK-2124460', 'LK-2124465', 'LK-2124470']	['EC-04', 'LK-21']	['LG-21240', 'LK-2124', 'MOH-21240']	[]	[7.302584845525132, 80.80025730214156]	639
EC-04F	Kundasale	LK	LK-2	LK-21	EC-04	EC-04F	127070	81.34	['MOH-21271', 'MOH-21272']	['EC-04', 'LK-21']	['LG-21270', 'LK-2127']	[]	[7.305421141354468, 80.70969104014368]	482
EC-04G	Hewaheta	LK	LK-2	LK-21	EC-04	EC-04G	58188	84.06	['LK-2145005', 'LK-2145010', 'LK-2145015', 'LK-2145020', 'LK-2145025', 'LK-2145030', 'LK-2145035', 'LK-2145040', 'LK-2145045', 'LK-2145050', 'LK-2145055', 'LK-2145060', 'LK-2145065', 'LK-2145070', 'LK-2145075', 'LK-2145080', 'LK-2145085', 'LK-2145090', 'LK-2145095', 'LK-2145100', 'LK-2145105', 'LK-2145110', 'LK-2145115', 'LK-2145120', 'LK-2145125', 'LK-2145130', 'LK-2145135', 'LK-2145140', 'LK-2145145', 'LK-2145150', 'LK-2145155', 'LK-2145160', 'LK-2145165', 'LK-2145170', 'LK-2145175', 'LK-2145180', 'LK-2145185', 'LK-2145190', 'LK-2145195', 'LK-2145200', 'LK-2145205', 'LK-2145210', 'LK-2145215', 'LK-2145220', 'LK-2145225', 'LK-2145230', 'LK-2145235', 'LK-2145240', 'LK-2145245', 'LK-2145250', 'LK-2145255', 'LK-2145260', 'LK-2145265', 'LK-2145270', 'LK-2145275', 'LK-2145280', 'LK-2145285', 'LK-2145290', 'LK-2145295', 'LK-2145300', 'LK-2145305', 'LK-2145310', 'LK-2145315', 'LK-2145320', 'LK-2145325', 'LK-2145330', 'LK-2145335', 'LK-2145340', 'LK-2145345', 'LK-2145350', 'LK-2145355', 'LK-2145360', 'LK-2145365']	['LG-21451']	['LK-2145', 'MOH-21450']	[]	[7.230016473557463, 80.70702943709466]	563
EC-04H	Senkadagala	LK	LK-2	LK-21	EC-04	EC-04H	62544	22.34	['LK-2130005', 'LK-2130010', 'LK-2130015', 'LK-2130020', 'LK-2130030', 'LK-2130035', 'LK-2130040', 'LK-2130045', 'LK-2130050', 'LK-2130055', 'LK-2130060', 'LK-2130125', 'LK-2130130', 'LK-2130225', 'LK-2130230', 'LK-2130235', 'LK-2130240', 'LK-2130245', 'LK-2130250', 'LK-2130255', 'LK-2130260', 'LK-2130265', 'LK-2130270', 'LK-2130275', 'LK-2130280', 'LK-2130285', 'LK-2130290', 'LK-2130295']	['LK-2130', 'MOH-21300']	[]	['LG-21121', 'LG-21301']	[7.280365744800722, 80.66889918293383]	456
EC-04I	Mahanuwara	LK	LK-2	LK-21	EC-04	EC-04I	96017	36.77	['LK-2130025', 'LK-2130065', 'LK-2130070', 'LK-2130075', 'LK-2130080', 'LK-2130085', 'LK-2130090', 'LK-2130095', 'LK-2130100', 'LK-2130105', 'LK-2130110', 'LK-2130115', 'LK-2130120', 'LK-2130135', 'LK-2130140', 'LK-2130145', 'LK-2130150', 'LK-2130155', 'LK-2130160', 'LK-2130165', 'LK-2130170', 'LK-2130175', 'LK-2130180', 'LK-2130185', 'LK-2130190', 'LK-2130195', 'LK-2130200', 'LK-2130205', 'LK-2130210', 'LK-2130215', 'LK-2130220', 'LK-2130300', 'LK-2130305', 'LK-2130310', 'LK-2130315', 'LK-2130320']	['LK-2130', 'MOH-21300']	[]	['LG-21121', 'LG-21301']	[7.26795092350221, 80.62018230613413]	639
EC-04J	Yatinuwara	LK	LK-2	LK-21	EC-04	EC-04J	106027	70.24	['LK-2136300', 'MOH-21360']	['EC-04', 'LK-21']	['LK-2136']	[]	[7.282387697391083, 80.5382504908493]	534
EC-04K	Udunuwara	LK	LK-2	LK-21	EC-04	EC-04K	110905	67.69	['MOH-21391', 'MOH-21392']	['EC-04', 'LK-21']	['LG-21390', 'LK-2139']	[]	[7.222973052753389, 80.56028455374012]	514
EC-04L	Gampola	LK	LK-2	LK-21	EC-04	EC-04L	80187	152.35	['LK-2142', 'LK-2148', 'MOH-21420', 'MOH-21480']	['EC-04', 'LK-21']	[]	['LG-21421', 'LG-21451']	[7.170491924435694, 80.66610657213141]	793
EC-04M	Nawalapitiya	LK	LK-2	LK-21	EC-04	EC-04M	206887	303.4	['LG-21540', 'LK-2151', 'LK-2154', 'LK-2157', 'MOH-21510', 'MOH-21540', 'MOH-21570']	['EC-04', 'LK-21']	[]	['LG-21421']	[7.078868177862351, 80.54849974389138]	555
EC-04P	Postal Votes Kandy	LK	None	None	EC-04	EC-04P	0	0						
EC-05A	Dambulla	LK	LK-2	LK-22	EC-05	EC-05A	171913	740.01	['LG-22030', 'LG-22120', 'LK-2203', 'LK-2206', 'LK-2212', 'MOH-22030', 'MOH-22120']	['EC-05', 'LK-22']	[]	[]	[7.823891303052294, 80.66591627716015]	199
EC-05B	Laggala	LK	LK-2	LK-22	EC-05	EC-05B	88131	1007.58	['LG-22090', 'LG-22210', 'LG-22241', 'LK-2209', 'LK-2221', 'LK-2227', 'MOH-22090', 'MOH-22210', 'MOH-22270']	['EC-05', 'LK-22']	[]	[]	[7.607349964297504, 80.80745369635801]	256
EC-05C	Matale	LK	LK-2	LK-22	EC-05	EC-05C	105106	139.61	['LG-22150', 'LK-2215', 'LK-2218', 'MOH-22150', 'MOH-22180']	['EC-05', 'LK-22']	[]	['LG-22181']	[7.544732498209145, 80.61020375704534]	671
EC-05D	Rattota	LK	LK-2	LK-22	EC-05	EC-05D	119381	184.35	['LK-2230', 'LK-2233', 'MOH-22330']	['EC-05', 'LK-22']	[]	['LG-22181']	[7.461734184240204, 80.66546354152646]	604
EC-05P	Postal Votes Matale	LK	None	None	EC-05	EC-05P	0	0						
EC-06A	Nuwara Eliya Maskeliya	LK	LK-2	LK-23	EC-06	EC-06A	417817	978.14	['LK-2312', 'LK-2315']	['EC-06', 'LK-23']	[]	[]	[6.88541210465893, 80.65063424918314]	1737
EC-06B	Kothmale	LK	LK-2	LK-23	EC-06	EC-06B	101180	225.16	['MOH-23031', 'MOH-23032']	['EC-06', 'LK-23']	['LG-23030', 'LK-2303']	[]	[7.039087830255726, 80.65527333754741]	719
EC-06C	Hanguranketha	LK	LK-2	LK-23	EC-06	EC-06C	88528	233.61	['MOH-23061', 'MOH-23062']	['EC-06', 'LK-23']	['LG-23060', 'LK-2306']	[]	[7.119701036416171, 80.77798524749727]	1174
EC-06D	Walapane	LK	LK-2	LK-23	EC-06	EC-06D	104119	320.72	['MOH-23091', 'MOH-23092']	['EC-06', 'LK-23']	['LG-23090', 'LK-2309']	[]	[7.093584837435949, 80.88684327626493]	875
EC-06P	Postal Votes Nuwara-Eliya	LK	None	None	EC-06	EC-06P	0	0						
EC-07A	Balapitiya	LK	LK-3	LK-31	EC-07	EC-07A	67432	53.58	['LG-31060', 'LK-3106120', 'MOH-31060']	['EC-07', 'LK-31']	['LK-3106']	[]	[6.313957527171375, 80.05105893526317]	2
EC-07B	Ambalangoda	LK	LK-3	LK-31	EC-07	EC-07B	78716	75.23	['LG-31331', 'LK-3133', 'LK-3134', 'MOH-31330']	['EC-07', 'LK-31']	[]	[]	[6.202779821052447, 80.1127227551536]	21
EC-07C	Karandeniya	LK	LK-3	LK-31	EC-07	EC-07C	91845	145.0	['LG-31090', 'LG-31300', 'LK-3109', 'LK-3130', 'MOH-31090', 'MOH-31300']	['EC-07', 'LK-31']	[]	[]	[6.26485369721859, 80.13101701952613]	22
EC-07D	Bentara Elpitiya	LK	LK-3	LK-31	EC-07	EC-07D	114701	225.44	['LG-31030', 'LG-31120', 'LK-3103', 'LK-3112', 'MOH-31030', 'MOH-31120']	['EC-07', 'LK-31']	[]	[]	[6.321064590281231, 80.14461259564172]	3
EC-07E	Hiniduma	LK	LK-3	LK-31	EC-07	EC-07E	96823	431.8	['LG-31150', 'LG-31210', 'LK-3115', 'LK-3118', 'LK-3121', 'MOH-31150', 'MOH-31210']	['EC-07', 'LK-31']	[]	[]	[6.319161367494074, 80.350506589982]	80
EC-07F	Baddegama	LK	LK-3	LK-31	EC-07	EC-07F	174783	399.7	['LG-31240', 'LG-31270', 'LK-3124', 'LK-3127', 'LK-3148', 'MOH-31240', 'MOH-31270']	['EC-07', 'LK-31']	[]	[]	[6.1560917319278925, 80.2997154902287]	69
EC-07G	Ratgama	LK	LK-3	LK-31	EC-07	EC-07G	101909	64.36	['LG-31362', 'MOH-31361']	['EC-07', 'LK-31']	['LK-3136']	[]	[6.140555721014161, 80.12233354623093]	5
EC-07H	Galle	LK	LK-3	LK-31	EC-07	EC-07H	101749	23.15	['LG-31392', 'LK-3139005', 'LK-3139010', 'LK-3139015', 'LK-3139020', 'LK-3139025', 'LK-3139040', 'LK-3139045']	['EC-07', 'LK-31']	['LK-3139', 'MOH-31390']	['LG-31391']	[6.053625753115206, 80.20800327062294]	11
EC-07I	Akmeemana	LK	LK-3	LK-31	EC-07	EC-07I	128107	96.51	['LK-3142', 'LK-3145', 'MOH-31420']	['EC-07', 'LK-31']	[]	['LG-31391']	[6.066571652405379, 80.26351512297063]	34
EC-07J	Habaraduwa	LK	LK-3	LK-31	EC-07	EC-07J	107269	108.95	['LG-31510', 'LG-31540', 'LK-3151', 'LK-3154', 'MOH-31510', 'MOH-31540']	['EC-07', 'LK-31']	[]	[]	[6.018706428499704, 80.3409961532048]	5
EC-07P	Postal Votes Galle	LK	None	None	EC-07	EC-07P	0	0						
EC-08A	Deniyaya	LK	LK-3	LK-32	EC-08	EC-08A	114441	318.24	['LG-32030', 'LG-32060', 'LK-3203', 'LK-3206', 'MOH-32030', 'MOH-32060']	['EC-08', 'LK-32']	[]	[]	[6.286701936142362, 80.51046242641331]	562
EC-08B	Hakmana	LK	LK-3	LK-32	EC-08	EC-08B	141069	326.3	['LG-32090', 'LG-32300', 'LK-3209', 'LK-3212', 'LK-3230', 'MOH-32090', 'MOH-32300']	['EC-08', 'LK-32']	[]	[]	[6.201258271196148, 80.60599213095477]	468
EC-08C	Akuressa	LK	LK-3	LK-32	EC-08	EC-08C	120072	256.72	['LG-32151', 'LG-32180', 'LG-32240', 'LK-3215', 'LK-3218', 'LK-3224', 'MOH-32151', 'MOH-32180', 'MOH-32240']	['EC-08', 'LK-32']	[]	[]	[6.110573305826312, 80.46665143334785]	17
EC-08D	Kamburupitiya	LK	LK-3	LK-32	EC-08	EC-08D	94795	157.95	['LG-32270', 'LG-32330', 'LG-32360', 'LK-3227', 'LK-3233', 'LK-3236', 'MOH-32270', 'MOH-32330', 'MOH-32360']	['EC-08', 'LK-32']	[]	[]	[6.041978953065034, 80.5824004530167]	42
EC-08E	Devinuwara	LK	LK-3	LK-32	EC-08	EC-08E	102925	89.03	['LG-32451', 'LG-32452', 'LK-3245', 'LK-3248', 'MOH-32451', 'MOH-32452']	['EC-08', 'LK-32']	[]	[]	[5.981056203265882, 80.64868154260574]	54
EC-08F	Matara	LK	LK-3	LK-32	EC-08	EC-08F	115805	57.43	['LG-32421', 'LG-32422', 'MOH-32421', 'MOH-32422']	['EC-08', 'LK-32']	['LK-3242']	[]	[5.962795213139945, 80.56168044688303]	36
EC-08G	Weligama	LK	LK-3	LK-32	EC-08	EC-08G	124941	110.32	['LG-32211', 'LK-3239', 'MOH-32390']	['EC-08', 'LK-32']	[]	[]	[5.997564300305255, 80.44079139346817]	8
EC-08P	Postal Votes Matara	LK	None	None	EC-08	EC-08P	0	0						
EC-09A	Mulkirigala	LK	LK-3	LK-33	EC-09	EC-09A	130611	330.49	['LG-33241', 'LK-3321', 'LK-3325', 'MOH-33210', 'MOH-33250']	['EC-09', 'LK-33']	[]	['LG-33211']	[6.210161966596474, 80.72420946874045]	87
EC-09B	Beliatta	LK	LK-3	LK-33	EC-09	EC-09B	75010	145.37	['LK-3327', 'LK-3330', 'MOH-33270']	['EC-09', 'LK-33']	[]	['LG-33211']	[6.074190456263309, 80.71254278173255]	39
EC-09C	Tangalle	LK	LK-3	LK-33	EC-09	EC-09C	193751	539.89	['LG-33150', 'LG-33180', 'LK-3315', 'LK-3318', 'LK-3333', 'MOH-33150', 'MOH-33180', 'MOH-33330']	['EC-09', 'LK-33']	[]	[]	[6.14639180830959, 80.88838178751652]	29
EC-09D	Thissamaharama	LK	LK-3	LK-33	EC-09	EC-09D	200531	1625.73	['LG-33030', 'LG-33060', 'LG-33090', 'LK-3303', 'LK-3306', 'LK-3309', 'LK-3312', 'MOH-33030', 'MOH-33060', 'MOH-33090', 'MOH-33120']	['EC-09', 'LK-33']	[]	[]	[6.324124087899335, 81.27894996397303]	44
EC-09P	Postal Votes Hambantota	LK	None	None	EC-09	EC-09P	0	0						
EC-10A	Kayts	LK	LK-4	LK-41	EC-10	EC-10A	40018	190.3	['LK-4103', 'MOH-41031']	['LK-41']	[]	[]	[9.6163528137179, 79.83130011263108]	0
EC-10B	Vaddukoddai	LK	LK-4	LK-41	EC-10	EC-10B	46438	49.13	['LK-4106005', 'LK-4106010', 'LK-4106015', 'LK-4106020', 'LK-4106025', 'LK-4106030', 'LK-4106035', 'LK-4106040', 'LK-4106045', 'LK-4106050', 'LK-4106055', 'LK-4106060', 'LK-4106065', 'LK-4106070', 'LK-4106075', 'LK-4106080', 'LK-4106085', 'LK-4106090', 'LK-4106095', 'LK-4106100', 'LK-4106105', 'LK-4106110', 'LK-4106115', 'LK-4106120', 'LK-4106125']	['LK-41']	['LG-41060', 'LK-4106', 'MOH-41060']	[]	[9.74141657371787, 79.94601483977483]	14
EC-10C	Kankesanthurai	LK	LK-4	LK-41	EC-10	EC-10C	82534	93.75	['LG-41120', 'LG-41150', 'LK-4112', 'LK-4115', 'MOH-41120', 'MOH-41150']	['LK-41']	[]	[]	[9.77357487666153, 80.03855554948441]	17
EC-10D	Manipay	LK	LK-4	LK-41	EC-10	EC-10D	52269	48.56	['LK-4109005', 'LK-4109010', 'LK-4109015', 'LK-4109020', 'LK-4109025', 'LK-4109030', 'LK-4109035', 'LK-4109040', 'LK-4109045', 'LK-4109050', 'LK-4109055', 'LK-4109060', 'LK-4109065', 'LK-4109070', 'LK-4109075', 'LK-4109080', 'LK-4109085', 'LK-4109090', 'LK-4109095', 'LK-4109100', 'LK-4109105', 'LK-4109110', 'LK-4109115', 'LK-4109120', 'LK-4109125', 'LK-4109130', 'LK-4109135', 'LK-4109140']	['LK-41']	['LG-41090', 'LK-4109', 'MOH-41090']	[]	[9.75058313482918, 79.98100407963564]	12
EC-10E	Kopay	LK	LK-4	LK-41	EC-10	EC-10E	73225	97.09	['LK-4118005', 'LK-4118010', 'LK-4118015', 'LK-4118020', 'LK-4118025', 'LK-4118030', 'LK-4118035', 'LK-4118040', 'LK-4118045', 'LK-4118050', 'LK-4118055', 'LK-4118060', 'LK-4118065', 'LK-4118070', 'LK-4118075', 'LK-4118080', 'LK-4118085', 'LK-4118090', 'LK-4118095', 'LK-4118100', 'LK-4118105', 'LK-4118110', 'LK-4118115', 'LK-4118120', 'LK-4118125', 'LK-4118130', 'LK-4118135', 'LK-4118140', 'LK-4118145', 'LK-4118150', 'LK-4118155']	['LK-41']	['LG-41180', 'LK-4118', 'MOH-41180']	[]	[9.740170885019687, 80.0932430307658]	5
EC-10F	Udupiddy	LK	LK-4	LK-41	EC-10	EC-10F	45730	73.87	['LG-41211', 'LK-4121040']	['LK-41']	['LK-4121', 'MOH-41211']	['LG-41212']	[9.77958575291895, 80.18614787069725]	-1
EC-10G	Point Pedro	LK	LK-4	LK-41	EC-10	EC-10G	60331	173.06	['LG-41241', 'LK-4127']	['LK-41']	['MOH-41212']	['LG-41212']	[9.666199614853314, 80.36055233581024]	0
EC-10H	Chavakachcheri	LK	LK-4	LK-41	EC-10	EC-10H	64704	222.57	['LG-41301', 'LG-41302']	['LK-41']	['LK-4130', 'MOH-41300']	[]	[9.673094004075052, 80.19113923069825]	14
EC-10I	Nallur	LK	LK-4	LK-41	EC-10	EC-10I	68142	33.79	['LG-41332', 'LK-4133015', 'LK-4133020', 'LK-4133025', 'LK-4133030', 'LK-4133035', 'LK-4133045', 'LK-4133050', 'LK-4133060', 'LK-4133065', 'LK-4133070', 'LK-4133075', 'LK-4133080', 'LK-4133085', 'LK-4133090', 'LK-4133095', 'LK-4133100', 'LK-4133105']	['LK-41']	['LK-4133', 'MOH-41330']	['LG-41331']	[9.667945614483248, 80.04895063308686]	3
EC-10J	Jaffna	LK	LK-4	LK-41	EC-10	EC-10J	50491	10.59	['LK-4136005', 'LK-4136010', 'LK-4136015', 'LK-4136020', 'LK-4136025', 'LK-4136030', 'LK-4136035', 'LK-4136040', 'LK-4136045', 'LK-4136050', 'LK-4136055', 'LK-4136060', 'LK-4136065', 'LK-4136070', 'LK-4136075', 'LK-4136080', 'LK-4136085', 'LK-4136090', 'LK-4136095', 'LK-4136100', 'LK-4136105', 'LK-4136110', 'LK-4136115', 'LK-4136120', 'LK-4136125', 'LK-4136130', 'LK-4136135', 'LK-4136140']	['LG-41331']	['LK-4136', 'MOH-41360']	[]	[9.663274181557878, 80.02118904218327]	11
EC-10K	Kilinochchi	LK	LK-4	LK-45	EC-10	EC-10K	113510	1268.05	['LG-45030', 'LG-45061', 'LG-45120', 'LK-4503', 'LK-4512', 'MOH-45030', 'MOH-45120']	['EC-10']	['LK-45']	[]	[9.415741907157702, 80.30357968711773]	8
EC-10P	Postal Votes Jaffna	LK	None	None	EC-10	EC-10P	0	0						
EC-11A	Mannar	LK	LK-4	LK-42	EC-11	EC-11A	99570	2025.57	['LG-42061', 'LG-42092', 'LG-42150', 'LK-4203', 'LK-4209', 'LK-4215', 'MOH-42030', 'MOH-42090', 'MOH-42150']	['EC-11']	['LK-42']	[]	[8.877429214147043, 80.08862837174242]	37
EC-11B	Vavuniya	LK	LK-4	LK-43	EC-11	EC-11B	172060	1908.95	['LG-43030', 'LG-43060', 'LG-43120', 'LK-4303', 'LK-4306', 'LK-4309', 'LK-4312', 'MOH-43060', 'MOH-43090', 'MOH-43120']	['EC-11']	['LK-43']	[]	[8.852070569533002, 80.46740390817536]	79
EC-11C	Mullaitivu	LK	LK-4	LK-44	EC-11	EC-11C	92193	2710.86	['LG-44030', 'LG-44060', 'LG-44091', 'LG-44150', 'LK-4403', 'LK-4406', 'LK-4415', 'LK-4418', 'MOH-44030', 'MOH-44060', 'MOH-44150']	['EC-11']	['LK-44']	[]	[9.167642689422122, 80.54909070875506]	67
EC-11P	Postal Votes Vanni	LK	None	None	EC-11	EC-11P	0	0						
EC-12A	Kalkudah	LK	LK-5	LK-51	EC-12	EC-12A	118925	1175.96	['LG-51030', 'LG-51041', 'LG-51042', 'LK-5103', 'LK-5104', 'LK-5106', 'LK-5109', 'LK-5110', 'MOH-51030', 'MOH-51100']	['EC-12', 'LK-51']	[]	[]	[7.9607648568953815, 81.39176892947027]	20
EC-12B	Batticaloa	LK	LK-5	LK-51	EC-12	EC-12B	128610	901.35	['LG-51210', 'LK-5112', 'LK-5115', 'LK-5121', 'MOH-51150', 'MOH-51210']	['EC-12', 'LK-51']	[]	[]	[7.685645165146539, 81.50953976713261]	23
EC-12C	Paddiruppu	LK	LK-5	LK-51	EC-12	EC-12C	279032	428.93	['LG-51240', 'LG-51270', 'LG-51300', 'LG-51330', 'LG-51360', 'LK-5118', 'LK-5124', 'LK-5127', 'LK-5130', 'LK-5133', 'LK-5136', 'MOH-51240', 'MOH-51270', 'MOH-51300', 'MOH-51330', 'MOH-51360']	['EC-12', 'LK-51']	[]	[]	[7.5556205249017125, 81.69880874449136]	30
EC-12P	Postal Votes Batticaloa	LK	None	None	EC-12	EC-12P	0	0						
EC-13A	Ampara	LK	LK-5	LK-52	EC-13	EC-13A	201450	2157.97	['LG-52060', 'LG-52090', 'LG-52120', 'LK-5203', 'LK-5206', 'LK-5209', 'LK-5212', 'LK-5215', 'MOH-52060', 'MOH-52090', 'MOH-52120', 'MOH-52150']	['EC-13', 'LK-52']	[]	['LG-52152']	[7.489990331795937, 81.36091182979204]	54
EC-13B	Samanthurai	LK	LK-5	LK-52	EC-13	EC-13B	132741	307.89	['LG-52182', 'LG-52341', 'LK-5216', 'LK-5218', 'LK-5234', 'LK-5236', 'MOH-52180']	['EC-13', 'LK-52']	[]	['LG-52361', 'MOH-52360', 'MOH-52420']	[7.308210293244645, 81.76083507427016]	14
EC-13C	Kalmunai	LK	LK-5	LK-52	EC-13	EC-13C	143093	61.43	['LG-52241', 'LG-52270', 'LG-52300', 'LK-5221', 'LK-5227', 'LK-5230', 'MOH-52270', 'MOH-52300']	['EC-13', 'LK-52']	[]	[]	[7.3664613454816905, 81.83326358232293]	5
EC-13D	Pothuvil	LK	LK-5	LK-52	EC-13	EC-13D	172118	1987.86	['LG-52330', 'LG-52450', 'LG-52480', 'LG-52510', 'LK-5233', 'LK-5239', 'LK-5242', 'LK-5245', 'LK-5248', 'LK-5251', 'MOH-52330', 'MOH-52450', 'MOH-52480', 'MOH-52510']	['EC-13', 'LK-52']	[]	['LG-52152', 'LG-52361', 'MOH-52360', 'MOH-52420']	[6.947339603458035, 81.71467456802738]	35
EC-13P	Postal Votes Digamadulla	LK	None	None	EC-13	EC-13P	0	0						
EC-14A	Seruvila	LK	LK-5	LK-53	EC-14	EC-14A	192215	1893.01	['LG-53180', 'LG-53210', 'LG-53330', 'LK-5303', 'LK-5318', 'LK-5321', 'LK-5324', 'LK-5330', 'LK-5333', 'MOH-53091', 'MOH-53180', 'MOH-53210', 'MOH-53240', 'MOH-53330']	['EC-14', 'LK-53']	[]	['LG-53153', 'MOH-53154']	[8.502062678885768, 81.07558508218767]	43
EC-14B	Trincomalee	LK	LK-5	LK-53	EC-14	EC-14B	130705	567.37	['LK-5306', 'LK-5315']	['EC-14', 'LK-53']	[]	['LG-53153', 'MOH-53154']	[8.755772514112063, 81.07767288767884]	15
EC-14C	Muttur	LK	LK-5	LK-53	EC-14	EC-14C	56621	197.26	['LK-5327005', 'LK-5327010', 'LK-5327015', 'LK-5327020', 'LK-5327025', 'LK-5327030', 'LK-5327035', 'LK-5327040', 'LK-5327045', 'LK-5327050', 'LK-5327055', 'LK-5327060', 'LK-5327065', 'LK-5327070', 'LK-5327075', 'LK-5327080', 'LK-5327085', 'LK-5327090', 'LK-5327095', 'LK-5327100', 'LK-5327105', 'LK-5327110', 'LK-5327115', 'LK-5327120', 'LK-5327125', 'LK-5327130', 'LK-5327135', 'LK-5327140', 'LK-5327145', 'LK-5327150', 'LK-5327155', 'LK-5327160', 'LK-5327165', 'LK-5327170', 'LK-5327175', 'LK-5327180', 'LK-5327185', 'LK-5327190', 'LK-5327195', 'LK-5327200', 'LK-5327205', 'LK-5327210']	['EC-14', 'LK-53']	['LG-53272', 'LK-5327', 'MOH-53272']	[]	[8.430667342434205, 81.29062470909274]	19
EC-14P	Postal Votes Trincomalee	LK	None	None	EC-14	EC-14P	0	0						
EC-15A	Galgamuwa	LK	LK-6	LK-61	EC-15	EC-15A	112271	658.19	['LG-61030', 'LG-61061', 'LK-6103', 'LK-6106', 'LK-6109', 'MOH-61030', 'MOH-61061']	['EC-15', 'LK-61']	[]	[]	[8.031381434768141, 80.2609904527686]	112
EC-15B	Nikaweratiya	LK	LK-6	LK-61	EC-15	EC-15B	119583	595.19	['LG-61151', 'LG-61390', 'LK-6139', 'MOH-61390']	['EC-15', 'LK-61']	[]	[]	[7.7773204653651105, 80.10338044089774]	45
EC-15C	Yapahuwa	LK	LK-6	LK-61	EC-15	EC-15C	156502	826.07	['LG-61121', 'LG-61270', 'LK-6127', 'MOH-61270']	['EC-15', 'LK-61']	[]	[]	[7.822120529011668, 80.34860768885518]	149
EC-15D	Hiriyala	LK	LK-6	LK-61	EC-15	EC-15D	125098	369.05	['LK-6130', 'LK-6133', 'MOH-61300', 'MOH-61330']	['EC-15', 'LK-61']	['LG-61301']	[]	[7.633593588540384, 80.43066052253785]	124
EC-15E	Wariyapola	LK	LK-6	LK-61	EC-15	EC-15E	61425	203.03	['LK-6136005', 'LK-6136010', 'LK-6136015', 'LK-6136020', 'LK-6136025', 'LK-6136030', 'LK-6136035', 'LK-6136040', 'LK-6136045', 'LK-6136050', 'LK-6136055', 'LK-6136060', 'LK-6136065', 'LK-6136070', 'LK-6136075', 'LK-6136080', 'LK-6136085', 'LK-6136090', 'LK-6136095', 'LK-6136100', 'LK-6136105', 'LK-6136110', 'LK-6136115', 'LK-6136120', 'LK-6136125', 'LK-6136130', 'LK-6136135', 'LK-6136140', 'LK-6136145', 'LK-6136150', 'LK-6136155', 'LK-6136160', 'LK-6136165', 'LK-6136170', 'LK-6136175', 'LK-6136180', 'LK-6136185', 'LK-6136190', 'LK-6136195', 'LK-6136200', 'LK-6136205', 'LK-6136210', 'LK-6136215', 'LK-6136220', 'LK-6136225', 'LK-6136230', 'LK-6136235', 'LK-6136240', 'LK-6136245', 'LK-6136250', 'LK-6136255', 'LK-6136260', 'LK-6136265', 'LK-6136270', 'LK-6136275', 'LK-6136280']	['LG-61361']	['LK-6136', 'MOH-61360']	[]	[7.661858344292861, 80.23964015763242]	84
EC-15F	Panduwasnuwara	LK	LK-6	LK-61	EC-15	EC-15F	96128	284.86	['LG-61451', 'LK-6145', 'MOH-61451']	['EC-15', 'LK-61']	[]	[]	[7.584072078906995, 80.10203458236869]	63
EC-15G	Bingiriya	LK	LK-6	LK-61	EC-15	EC-15G	114580	314.89	['LG-61420', 'LK-6142', 'LK-6175', 'MOH-61420']	['EC-15', 'LK-61']	[]	[]	[7.559647679219104, 79.96096141656173]	48
EC-15H	Katugampola	LK	LK-6	LK-61	EC-15	EC-15H	124225	286.71	['LK-6178005', 'LK-6178010', 'LK-6178015', 'LK-6178020', 'LK-6178025', 'LK-6178030', 'LK-6178035', 'LK-6178040', 'LK-6178045', 'LK-6178050', 'LK-6178055', 'LK-6178060', 'LK-6178065', 'LK-6178070', 'LK-6178075', 'LK-6178080', 'LK-6178085', 'LK-6178090', 'LK-6178095', 'LK-6178100', 'LK-6178105', 'LK-6178110', 'LK-6178115', 'LK-6178120', 'LK-6178125', 'LK-6178130', 'LK-6178135', 'LK-6178140', 'LK-6178145', 'LK-6178150', 'LK-6178155', 'LK-6178160', 'LK-6178165', 'LK-6178170', 'LK-6178175', 'LK-6178180', 'LK-6178185', 'LK-6178190', 'LK-6178195', 'LK-6178200', 'LK-6178205', 'LK-6178210', 'LK-6178215', 'LK-6178220', 'LK-6178225', 'LK-6178230', 'LK-6178235', 'LK-6178240', 'LK-6178245', 'LK-6178250', 'LK-6178255', 'LK-6178260', 'LK-6178265', 'LK-6178270', 'LK-6178275', 'LK-6178280', 'LK-6178285', 'LK-6178290', 'LK-6178295', 'LK-6178300', 'LK-6178305', 'LK-6178310', 'LK-6178315', 'LK-6178320', 'LK-6178325', 'LK-6178330', 'LK-6178335', 'LK-6178340', 'LK-6178345', 'LK-6178350', 'LK-6178355', 'LK-6178360', 'LK-6178365', 'LK-6178370', 'LK-6178375', 'LK-6178380', 'LK-6178385', 'LK-6178390', 'LK-6178395', 'LK-6178400', 'LK-6178405', 'LK-6178410', 'LK-6178415', 'LK-6178420', 'LK-6178425', 'LK-6178430', 'LK-6178435']	['EC-15', 'LK-61']	['LG-61780', 'LK-6178', 'MOH-61780']	[]	[7.3626748194255, 80.03152803310576]	40
EC-15I	Kuliyapitiya	LK	LK-6	LK-61	EC-15	EC-15I	131378	279.07	['LG-61691', 'LK-6172']	['EC-15', 'LK-61']	['MOH-61691']	[]	[7.471766960390388, 80.1014920278662]	78
EC-15J	Dambadeniya	LK	LK-6	LK-61	EC-15	EC-15J	119946	239.99	['LG-61810', 'LG-61840', 'LK-6181', 'LK-6184', 'MOH-61810', 'MOH-61840']	['EC-15', 'LK-61']	[]	[]	[7.360354123132422, 80.2065847850368]	119
EC-15K	Polgahawela	LK	LK-6	LK-61	EC-15	EC-15K	135712	300.6	['LG-61661', 'LK-6149', 'LK-6187']	['EC-15', 'LK-61']	[]	['LG-61361']	[7.466256931481647, 80.27710941264786]	99
EC-15L	Kurunegala	LK	LK-6	LK-61	EC-15	EC-15L	167651	245.65	['LG-61511', 'LK-6154', 'MOH-61540']	['EC-15', 'LK-61']	[]	[]	[7.5096304932263624, 80.35801321969822]	154
EC-15M	Mawathagama	LK	LK-6	LK-61	EC-15	EC-15M	64074	109.62	['LG-61600', 'LK-6160180', 'MOH-61600']	['EC-15', 'LK-61']	['LK-6160']	[]	[7.425133929063561, 80.44629268434304]	182
EC-15N	Dodangaslanda	LK	LK-6	LK-61	EC-15	EC-15N	88714	224.06	['LK-6163005', 'LK-6163010', 'LK-6163015', 'LK-6163020', 'LK-6163025', 'LK-6163030', 'LK-6163035', 'LK-6163040', 'LK-6163045', 'LK-6163050', 'LK-6163055', 'LK-6163060', 'LK-6163065', 'LK-6163070', 'LK-6163075', 'LK-6163080', 'LK-6163085', 'LK-6163090', 'LK-6163095', 'LK-6163100', 'LK-6163105', 'LK-6163110', 'LK-6163115', 'LK-6163120', 'LK-6163125', 'LK-6163130', 'LK-6163135', 'LK-6163140', 'LK-6163145', 'LK-6163150', 'LK-6163155', 'LK-6163160', 'LK-6163165', 'LK-6163170', 'LK-6163175', 'LK-6163180', 'LK-6163185', 'LK-6163190', 'LK-6163195', 'LK-6163200', 'LK-6163205', 'LK-6163210', 'LK-6163215', 'LK-6163220', 'LK-6163225', 'LK-6163230', 'LK-6163235', 'LK-6163240', 'LK-6163245', 'LK-6163250', 'LK-6163255', 'LK-6163260', 'LK-6163265', 'LK-6163270', 'LK-6163275', 'LK-6163280', 'LK-6163285', 'LK-6163290', 'LK-6163295', 'LK-6163300', 'LK-6163305', 'LK-6163310', 'LK-6163315', 'LK-6163320', 'LK-6163325', 'LK-6163330', 'LK-6163335', 'LK-6163340', 'LK-6163345', 'LK-6163350', 'LK-6163355', 'LK-6163360', 'LK-6163365', 'LK-6163370', 'LK-6163375', 'LK-6163380', 'LK-6163385', 'LK-6163390', 'LK-6163395', 'LK-6163400', 'LK-6163405', 'LK-6163410', 'LK-6163415', 'LK-6163420', 'LK-6163425', 'LK-6163430', 'LK-6163435', 'LK-6163440', 'LK-6163445', 'LK-6163450', 'LK-6163455', 'LK-6163460', 'LK-6163465', 'LK-6163470', 'LK-6163475', 'LK-6163480', 'LK-6163485', 'LK-6163490', 'LK-6163495', 'LK-6163500', 'LK-6163505', 'LK-6163510', 'LK-6163515', 'LK-6163520', 'LK-6163525', 'LK-6163530', 'LK-6163535', 'LK-6163540', 'LK-6163545', 'LK-6163550', 'LK-6163555', 'LK-6163560', 'LK-6163565']	['EC-15', 'LK-61']	['LG-61632', 'LK-6163', 'MOH-61632']	[]	[7.51747216334488, 80.51892107382267]	165
EC-15P	Postal Votes Kurunegala	LK	None	None	EC-15	EC-15P	0	0						
EC-16A	Puttalam	LK	LK-6	LK-62	EC-16	EC-16A	186308	1073.55	['LK-6203', 'MOH-62030', 'MOH-62061']	['EC-16', 'LK-62']	[]	['LG-62031', 'LG-62151']	[8.256814719972907, 79.87768117430163]	22
EC-16B	Anamaduwa	LK	LK-6	LK-62	EC-16	EC-16B	100650	1054.38	['LK-6224', 'LK-6227', 'MOH-62091', 'MOH-62270']	['EC-16', 'LK-62']	[]	['LG-62181', 'LG-62211', 'MOH-62211']	[8.006424177797568, 80.00676194595641]	47
EC-16C	Chilaw	LK	LK-6	LK-62	EC-16	EC-16C	231705	775.9	['LK-6218', 'LK-6221', 'LK-6230', 'MOH-62180', 'MOH-62300', 'MOH-62331']	['EC-16', 'LK-62']	[]	['LG-62031', 'LG-62151', 'LG-62181', 'LG-62211', 'MOH-62211']	[7.743137360114235, 79.85169176794449]	16
EC-16D	Nattandiya	LK	LK-6	LK-62	EC-16	EC-16D	113223	151.88	['LK-6239', 'LK-6242', 'MOH-62390', 'MOH-62420']	['EC-16', 'LK-62']	['LG-62391']	[]	[7.425308802873717, 79.86241664338888]	14
EC-16E	Wennappuwa	LK	LK-6	LK-62	EC-16	EC-16E	130510	118.49	['LK-6245', 'LK-6248', 'MOH-62450', 'MOH-62480']	['EC-16', 'LK-62']	['LG-62451']	[]	[7.322155605870248, 79.88799764698301]	34
EC-16P	Postal Votes Puttalam	LK	None	None	EC-16	EC-16P	0	0						
EC-17A	Medawachchiya	LK	LK-7	LK-71	EC-17	EC-17A	92229	1355.34	['LG-71060', 'LG-71090', 'LK-7103', 'LK-7106', 'LK-7109', 'MOH-71060', 'MOH-71090']	['EC-17', 'LK-71']	[]	[]	[8.694698285228675, 80.64519668987649]	98
EC-17B	Horowpothana	LK	LK-7	LK-71	EC-17	EC-17B	124321	1510.59	['LG-71210', 'LG-71240', 'LG-71270', 'LK-7121', 'LK-7124', 'LK-7127', 'MOH-71210', 'MOH-71240', 'MOH-71270']	['EC-17', 'LK-71']	[]	[]	[8.443164350119446, 80.78904813498558]	85
EC-17C	Anuradhapura East	LK	LK-7	LK-71	EC-17	EC-17C	98005	697.6	['LG-71180', 'LK-7115', 'LK-7118', 'MOH-71180']	['EC-17', 'LK-71']	[]	['LG-71121', 'LG-71151', 'MOH-71121']	[8.44175659767556, 80.43927583097503]	89
EC-17D	Anuradhapura West	LK	LK-7	LK-71	EC-17	EC-17D	72353	1478.08	['LG-71390', 'LK-7112', 'LK-7139', 'MOH-71390']	['EC-17', 'LK-71']	[]	['LG-71121', 'MOH-71121']	[8.41994297427231, 80.14897754817814]	66
EC-17E	Kalawewa	LK	LK-7	LK-71	EC-17	EC-17E	168529	576.94	['LG-61631', 'LG-71452', 'LK-7142', 'LK-7145', 'LK-7163', 'MOH-71450']	['EC-17', 'LK-71']	[]	[]	[8.138028627232284, 80.34923127050655]	102
EC-17F	Mihinthale	LK	LK-7	LK-71	EC-17	EC-17F	196313	869.6	['LG-71362', 'LG-71600', 'LK-7130', 'LK-7136', 'LK-7160', 'MOH-71300', 'MOH-71331', 'MOH-71362', 'MOH-71600']	['EC-17', 'LK-71']	[]	['LG-71151']	[8.241808331185387, 80.51536957651216]	104
EC-17G	Kekirawa	LK	LK-7	LK-71	EC-17	EC-17G	108825	771.43	['LG-71541', 'LG-71660', 'LK-7166', 'MOH-71541', 'MOH-71660']	['EC-17', 'LK-71']	[]	[]	[8.019528050296934, 80.62326731155841]	147
EC-17P	Postal Votes Anuradhapura	LK	None	None	EC-17	EC-17P	0	0						
EC-18A	Minneriya	LK	LK-7	LK-72	EC-18	EC-18A	108204	1104.79	['LG-72030', 'LG-72180', 'LK-7203', 'LK-7218', 'MOH-72030', 'MOH-72180']	['EC-18', 'LK-72']	[]	[]	[8.010111938614738, 80.86213639111897]	95
EC-18B	Medirigiriya	LK	LK-7	LK-72	EC-18	EC-18B	102027	776.22	['LG-72060', 'LG-72090', 'LK-7206', 'LK-7209', 'MOH-72060', 'MOH-72090']	['EC-18', 'LK-72']	[]	[]	[8.151205781206697, 81.0545662978672]	41
EC-18C	Polonnaruwa	LK	LK-7	LK-72	EC-18	EC-18C	195857	1588.15	['LG-72100', 'LK-7210', 'LK-7212', 'LK-7215', 'MOH-72100']	['EC-18', 'LK-72']	[]	[]	[7.9052115991283385, 81.12609357901381]	48
EC-18P	Postal Votes Polonnaruwa	LK	None	None	EC-18	EC-18P	0	0						
EC-19A	Mahiyanganaya	LK	LK-8	LK-81	EC-19	EC-19A	127394	1043.59	['LG-81030', 'LG-81060', 'LK-8103', 'LK-8106', 'MOH-81060']	['EC-19', 'LK-81']	[]	[]	[7.36907645472578, 81.10238969137966]	131
EC-19B	Viyaluwa	LK	LK-8	LK-81	EC-19	EC-19B	65365	344.5	['LG-81090', 'LG-81120', 'LG-81150', 'LK-8109', 'LK-8112', 'LK-8115', 'MOH-81090', 'MOH-81120', 'MOH-81150']	['EC-19', 'LK-81']	[]	[]	[7.108930141582241, 81.03549038024323]	628
EC-19C	Passara	LK	LK-8	LK-81	EC-19	EC-19C	80188	279.49	['LG-81180', 'LG-81190', 'LK-8118', 'LK-8119', 'MOH-81180', 'MOH-81190']	['EC-19', 'LK-81']	[]	[]	[7.002445088844337, 81.16840114408338]	1328
EC-19D	Badulla	LK	LK-8	LK-81	EC-19	EC-19D	75042	49.65	['LG-81211', 'LG-81212']	['EC-19', 'LK-81']	['LK-8121', 'MOH-81210']	[]	[6.986382060343483, 81.0888501269484]	873
EC-19E	Hali Ela	LK	LK-8	LK-81	EC-19	EC-19E	90571	171.4	['LG-81240', 'LK-8124075', 'MOH-81240']	['EC-19', 'LK-81']	['LK-8124']	[]	[6.944961385478783, 81.02013244528688]	1022
EC-19F	Uva Paranagama	LK	LK-8	LK-81	EC-19	EC-19F	77998	138.35	['LK-8127005', 'LK-8127010', 'LK-8127015', 'LK-8127020', 'LK-8127025', 'LK-8127030', 'LK-8127035', 'LK-8127040', 'LK-8127045', 'LK-8127050', 'LK-8127055', 'LK-8127060', 'LK-8127065', 'LK-8127070', 'LK-8127075', 'LK-8127080', 'LK-8127085', 'LK-8127090', 'LK-8127095', 'LK-8127100', 'LK-8127105', 'LK-8127110', 'LK-8127115', 'LK-8127120', 'LK-8127125', 'LK-8127130', 'LK-8127135', 'LK-8127140', 'LK-8127145', 'LK-8127150', 'LK-8127155', 'LK-8127160', 'LK-8127165', 'LK-8127170', 'LK-8127175', 'LK-8127180', 'LK-8127185', 'LK-8127190', 'LK-8127195', 'LK-8127200', 'LK-8127205', 'LK-8127210', 'LK-8127215', 'LK-8127220', 'LK-8127225', 'LK-8127230', 'LK-8127235', 'LK-8127240', 'LK-8127245', 'LK-8127250', 'LK-8127255', 'LK-8127260', 'LK-8127265', 'LK-8127270', 'LK-8127275', 'LK-8127280', 'LK-8127285', 'LK-8127290', 'LK-8127295', 'LK-8127300', 'LK-8127305', 'LK-8127310', 'LK-8127315', 'LK-8127320', 'LK-8127325', 'LK-8127330', 'LK-8127335', 'LK-8127340']	['EC-19', 'LK-81']	['LG-81270', 'LK-8127', 'MOH-81270']	[]	[6.966668500403605, 80.91746418324301]	1079
EC-19G	Welimada	LK	LK-8	LK-81	EC-19	EC-19G	100808	195.25	['LK-8130005', 'LK-8130010', 'LK-8130015', 'LK-8130020', 'LK-8130025', 'LK-8130030', 'LK-8130035', 'LK-8130040', 'LK-8130045', 'LK-8130050', 'LK-8130055', 'LK-8130060', 'LK-8130065', 'LK-8130070', 'LK-8130075', 'LK-8130080', 'LK-8130085', 'LK-8130090', 'LK-8130095', 'LK-8130100', 'LK-8130105', 'LK-8130110', 'LK-8130115', 'LK-8130120', 'LK-8130125', 'LK-8130130', 'LK-8130135', 'LK-8130140', 'LK-8130145', 'LK-8130150', 'LK-8130155', 'LK-8130160', 'LK-8130165', 'LK-8130170', 'LK-8130175', 'LK-8130180', 'LK-8130185', 'LK-8130190', 'LK-8130195', 'LK-8130200', 'LK-8130205', 'LK-8130210', 'LK-8130215', 'LK-8130220', 'LK-8130225', 'LK-8130230', 'LK-8130235', 'LK-8130240', 'LK-8130245', 'LK-8130250', 'LK-8130255', 'LK-8130260', 'LK-8130265', 'LK-8130270', 'LK-8130275', 'LK-8130280', 'LK-8130285', 'LK-8130290', 'LK-8130295', 'LK-8130300', 'LK-8130305', 'LK-8130310', 'LK-8130315', 'LK-8130320']	['EC-19', 'LK-81']	['LG-81300', 'LK-8130', 'MOH-81300']	[]	[6.859878170605155, 80.8810058554065]	1271
EC-19H	Bandarawela	LK	LK-8	LK-81	EC-19	EC-19H	110683	180.58	['LG-81331', 'LK-8133', 'LK-8136', 'MOH-81330', 'MOH-81360']	['EC-19', 'LK-81']	[]	[]	[6.852888350180009, 81.04300240747732]	1147
EC-19I	Haputale	LK	LK-8	LK-81	EC-19	EC-19I	87356	488.68	['LG-81420', 'LK-8139', 'LK-8142', 'MOH-81390', 'MOH-81420']	['EC-19', 'LK-81']	[]	[]	[6.714240156034529, 80.96434241437703]	547
EC-19P	Postal Votes Badulla	LK	None	None	EC-19	EC-19P	0	0						
EC-20A	Bibile	LK	LK-8	LK-82	EC-20	EC-20A	107448	1456.65	['LG-82030', 'LG-82060', 'LG-82090', 'LK-8203', 'LK-8206', 'LK-8209', 'MOH-82030', 'MOH-82060']	['EC-20', 'LK-82']	[]	['MOH-82091']	[7.151534818699123, 81.36258644537769]	202
EC-20B	Monaragala	LK	LK-8	LK-82	EC-20	EC-20B	143663	1604.41	['LG-82120', 'LG-82150', 'LG-82180', 'LK-8212', 'LK-8215', 'LK-8218', 'MOH-82120', 'MOH-82180']	['EC-20', 'LK-82']	[]	['MOH-82091']	[6.850264868708903, 81.44935428895838]	130
EC-20C	Wellawaya	LK	LK-8	LK-82	EC-20	EC-20C	199947	2729.24	['LG-82210', 'LG-82240', 'LG-82270', 'LG-82301', 'LK-8221', 'LK-8224', 'LK-8227', 'MOH-82210', 'MOH-82240', 'MOH-82270']	['EC-20', 'LK-82']	[]	[]	[6.55596280467473, 81.1866682629427]	105
EC-20P	Postal Votes Moneragala	LK	None	None	EC-20	EC-20P	0	0						
EC-21A	Eheliyagoda	LK	LK-9	LK-91	EC-21	EC-21A	199098	398.82	['LG-91061', 'LK-9103', 'LK-9109']	['EC-21', 'LK-91']	[]	[]	[6.804212310827637, 80.29352064608263]	43
EC-21B	Ratnapura	LK	LK-9	LK-91	EC-21	EC-21B	120212	328.96	['LG-91121', 'LG-91122', 'MOH-91122', 'MOH-91123']	['EC-21', 'LK-91']	['LK-9112']	[]	[6.730808046073773, 80.48438482911779]	487
EC-21C	Pelmadulla	LK	LK-9	LK-91	EC-21	EC-21C	89469	145.82	['LK-9124005', 'LK-9124010', 'LK-9124015', 'LK-9124020', 'LK-9124025', 'LK-9124030', 'LK-9124035', 'LK-9124040', 'LK-9124045', 'LK-9124050', 'LK-9124055', 'LK-9124060', 'LK-9124065', 'LK-9124070', 'LK-9124075', 'LK-9124080', 'LK-9124085', 'LK-9124090', 'LK-9124095', 'LK-9124100', 'LK-9124105', 'LK-9124110', 'LK-9124115', 'LK-9124120', 'LK-9124125', 'LK-9124130', 'LK-9124135', 'LK-9124140', 'LK-9124145', 'LK-9124150', 'LK-9124155', 'LK-9124160', 'LK-9124165', 'LK-9124170', 'LK-9124175', 'LK-9124180', 'LK-9124185']	['EC-21', 'LK-91']	['LG-91240', 'LK-9124', 'MOH-91121']	[]	[6.635671374267029, 80.51019792179825]	134
EC-21D	Balangoda	LK	LK-9	LK-91	EC-21	EC-21D	141040	532.93	['LG-91150', 'LK-9115', 'LK-9118', 'MOH-91150', 'MOH-91180']	['EC-21', 'LK-91']	[]	[]	[6.670529359022102, 80.75331477831095]	515
EC-21E	Rakwana	LK	LK-9	LK-91	EC-21	EC-21E	134039	438.08	['LG-91211', 'LG-91420', 'LK-9142', 'MOH-91420']	['EC-21', 'LK-91']	[]	[]	[6.5391341921417085, 80.68673487276601]	177
EC-21F	Nivithigala	LK	LK-9	LK-91	EC-21	EC-21F	141281	349.77	['LG-91271', 'LG-91390', 'LK-9139', 'MOH-91390']	['EC-21', 'LK-91']	[]	[]	[6.5809608777211315, 80.45757572751063]	73
EC-21G	Kalawana	LK	LK-9	LK-91	EC-21	EC-21G	82201	546.07	['LG-91300', 'LG-91330', 'LK-9130', 'LK-9133', 'MOH-91300', 'MOH-91330']	['EC-21', 'LK-91']	[]	[]	[6.518994513109791, 80.4052922129364]	260
EC-21H	Kolonna	LK	LK-9	LK-91	EC-21	EC-21H	180667	570.29	['LG-91510', 'LK-9148', 'LK-9151', 'MOH-91480', 'MOH-91510']	['EC-21', 'LK-91']	[]	[]	[6.365986414412029, 80.77165197327788]	257
EC-21P	Postal Votes Ratnapura	LK	None	None	EC-21	EC-21P	0	0						
EC-22A	Dedigama	LK	LK-9	LK-92	EC-22	EC-22A	113056	197.83	['LK-9218005', 'LK-9218010', 'LK-9218015', 'LK-9218020', 'LK-9218025', 'LK-9218030', 'LK-9218035', 'LK-9218040', 'LK-9218045', 'LK-9218050', 'LK-9218055', 'LK-9218060', 'LK-9218065', 'LK-9218070', 'LK-9218075', 'LK-9218080', 'LK-9218085', 'LK-9218090', 'LK-9218095', 'LK-9218100', 'LK-9218105', 'LK-9218110', 'LK-9218115', 'LK-9218120', 'LK-9218125', 'LK-9218130', 'LK-9218135', 'LK-9218140', 'LK-9218145', 'LK-9218150', 'LK-9218155', 'LK-9218160', 'LK-9218165', 'LK-9218170', 'LK-9218175', 'LK-9218180', 'LK-9218185', 'LK-9218190', 'LK-9218195', 'LK-9218200', 'LK-9218205', 'LK-9218210', 'LK-9218215', 'LK-9218220', 'LK-9218225', 'LK-9218230', 'LK-9218235', 'LK-9218240', 'LK-9218245', 'LK-9218250', 'LK-9218255', 'LK-9218260', 'LK-9218265', 'LK-9218270', 'LK-9218275', 'LK-9218280', 'LK-9218285', 'LK-9218290', 'LK-9218295', 'LK-9218300', 'LK-9218305', 'LK-9218310', 'LK-9218315', 'LK-9218320', 'LK-9218325', 'LK-9218330', 'LK-9218335', 'LK-9218340', 'LK-9218345', 'LK-9218350', 'LK-9218355', 'LK-9218360', 'LK-9218365', 'LK-9218370', 'LK-9218375', 'LK-9218380', 'LK-9218385', 'LK-9218390']	['EC-22', 'LK-92']	['LG-92180', 'LK-9218', 'MOH-92180']	[]	[7.2037097257805325, 80.23167475525887]	159
EC-22B	Galigamuwa	LK	LK-9	LK-92	EC-22	EC-22B	74490	127.09	['LK-9215005', 'LK-9215010', 'LK-9215015', 'LK-9215020', 'LK-9215025', 'LK-9215030', 'LK-9215035', 'LK-9215040', 'LK-9215045', 'LK-9215050', 'LK-9215055', 'LK-9215060', 'LK-9215065', 'LK-9215070', 'LK-9215075', 'LK-9215080', 'LK-9215085', 'LK-9215090', 'LK-9215095', 'LK-9215100', 'LK-9215105', 'LK-9215110', 'LK-9215115', 'LK-9215120', 'LK-9215125', 'LK-9215130', 'LK-9215135', 'LK-9215140', 'LK-9215145', 'LK-9215150', 'LK-9215155', 'LK-9215160', 'LK-9215165', 'LK-9215170', 'LK-9215175', 'LK-9215180', 'LK-9215185', 'LK-9215190', 'LK-9215195', 'LK-9215200', 'LK-9215205', 'LK-9215210', 'LK-9215215', 'LK-9215220', 'LK-9215225', 'LK-9215230', 'LK-9215235', 'LK-9215240', 'LK-9215245', 'LK-9215250', 'LK-9215255']	['EC-22', 'LK-92']	['LG-92150', 'LK-9215', 'MOH-92150']	[]	[7.215704801187663, 80.30538852389743]	218
EC-22C	Kegalle	LK	LK-9	LK-92	EC-22	EC-22C	90854	107.91	['LG-92121', 'LG-92122']	['MOH-92092']	['LK-9212']	[]	[7.208163433475674, 80.36846826824036]	166
EC-22D	Rambukkana	LK	LK-9	LK-92	EC-22	EC-22D	82769	131.62	['LG-92030', 'LK-9203240', 'MOH-92030']	['EC-22', 'LK-92']	['LK-9203']	[]	[7.323274325449259, 80.38621630839374]	97
EC-22E	Mawanella	LK	LK-9	LK-92	EC-22	EC-22E	111727	116.06	['LK-9206005', 'LK-9206010', 'LK-9206015', 'LK-9206020', 'LK-9206025', 'LK-9206030', 'LK-9206035', 'LK-9206040', 'LK-9206045', 'LK-9206050', 'LK-9206055', 'LK-9206060', 'LK-9206065', 'LK-9206070', 'LK-9206075', 'LK-9206080', 'LK-9206085', 'LK-9206090', 'LK-9206095', 'LK-9206100', 'LK-9206105', 'LK-9206110', 'LK-9206115', 'LK-9206120', 'LK-9206125', 'LK-9206130', 'LK-9206135', 'LK-9206140', 'LK-9206145', 'LK-9206150', 'LK-9206155', 'LK-9206160', 'LK-9206165', 'LK-9206170', 'LK-9206175', 'LK-9206180', 'LK-9206185', 'LK-9206190', 'LK-9206195', 'LK-9206200', 'LK-9206205', 'LK-9206210', 'LK-9206215', 'LK-9206220', 'LK-9206225', 'LK-9206230', 'LK-9206235', 'LK-9206240', 'LK-9206245', 'LK-9206250', 'LK-9206255', 'LK-9206260', 'LK-9206265', 'LK-9206270', 'LK-9206275', 'LK-9206280', 'LK-9206285', 'LK-9206290', 'LK-9206295', 'LK-9206300', 'LK-9206305', 'LK-9206310', 'LK-9206315', 'LK-9206320', 'LK-9206325', 'LK-9206330', 'LK-9206335', 'LK-9206340', 'LK-9206345', 'LK-9206350', 'LK-9206355']	['EC-22', 'LK-92']	['LG-92060', 'LK-9206', 'MOH-92060']	[]	[7.229916450458327, 80.47384535357192]	214
EC-22F	Aranayaka	LK	LK-9	LK-92	EC-22	EC-22F	68464	126.68	['LK-9209190', 'MOH-92091']	['EC-22', 'LK-92']	['LG-92090', 'LK-9209']	['MOH-92092']	[7.165239470554908, 80.44330492596734]	312
EC-22G	Yatiyanthota	LK	LK-9	LK-92	EC-22	EC-22G	108191	305.58	['LG-92240', 'LG-92270', 'LK-9224', 'LK-9227', 'MOH-92240', 'MOH-92270']	['EC-22', 'LK-92']	[]	[]	[7.057306781626125, 80.36473835327415]	280
EC-22H	Ruwanwella	LK	LK-9	LK-92	EC-22	EC-22H	63913	141.75	['LG-92210', 'LK-9221055', 'MOH-92210']	['EC-22', 'LK-92']	['LK-9221']	[]	[7.0635917549289955, 80.21874358045824]	314
EC-22I	Deraniyagala	LK	LK-9	LK-92	EC-22	EC-22I	127184	418.17	['LG-92300', 'LG-92330', 'LK-9230', 'LK-9233', 'MOH-92300', 'MOH-92330']	['EC-22', 'LK-92']	[]	[]	[6.921793404640371, 80.34577374167522]	95
EC-22P	Postal Votes Kegalle	LK	None	None	EC-22	EC-22P	0	0						
